name,facebook_handle,twitter_handle,party,state,PEC135
Abílio Santana,pastorabiliosantana,AbilioSantanna,PSC,BA,
Abou Anni,DeputadoFederalAbouAnni,,PSL,SP,1
Acácio Favacho,deputadofederalacaciofavacho,AcacioFavacho,MDB,AM,
Adriana Ventura,adriventurasp,adriventurasp,NOVO,SP,0
Aécio Neves,AecioNevesOficial,AecioNeves,PSDB,MG,
Afonso Florence,afonsoflorence13,AfonsoFlorence,PT,BA,0
Afonso Hamm,depafonsohamm,DepAfonsoHamm,PP,RS,
Afonso Motta,AfonsoMottaOpina,afonso_motta,PDT,RS,0
Aguinaldo Ribeiro,depaguinaldoribeiro,depaguinaldo11,PP,PB,
Airton Faleiro,airtonfaleiropt,FaleiroAirton,PT,PA,0
AJ Albuquerque,albuquerque.aj,,PP,CE,
Alan Rick,alanrickoficial,Alan_Rick,DEM,AC,1
Alceu Moreira,depalceumoreira,Alceu_Moreira,MDB,RS,1
Alcides Rodrigues,alcidesrodriguesoficial,,PATRIOTA,GO,0
Alê Silva,AleSilvaOficial,alesilva_38,REPUBLICANOS,MG,1
Alencar Santana,AlencarBraga13,AlencarBraga13,PT,SP,0
Alessandro Molon,MolonRJ,alessandromolon,PSB,RJ,0
Alex Manente,alexmanente,AlexManente23,CIDADANIA,SP,0
Alexandre Frota,alexandrefrotaoficial77,77_frota,PSDB,SP,0
Alexandre Leite,AlexandreLeite.SP,lexandreleite,DEM,SP,0
Alexandre Padilha,padilhando,padilhando,PT,SP,0
Alexandre Serfiotis,alexandreserfiotis,AleSerfiotis,PSD,RJ,
Alexis Fonteyne,alexisfonteyne30,AlexisFonteyne,NOVO,SP,1
Alice Portugal,deputadaaliceportugal,Alice_Portugal,PCdoB,BA,0
Aliel Machado,alielmachado,alielmachado,PV,PR,0
Aline Gurgel,dep.alinegurgel,alinegurgel_ap,REPUBLICANOS,AM,1
Aline Sleutjes,alinesleutjes,AlineSleutjes,PROS,PR,1
Altineu Côrtes,altineucortesrj,Altineu,PL,RJ,0
Aluisio Mendes,aluisiomendesma,aluisiomendesma,REPUBLICANOS,MA,1
Amaro Neto,amaronetotv,,REPUBLICANOS,ES,1
André Abdon,depandreabdon,DepAndreAbdon,PP,AM,
André de Paula,andredepaulaoficial,Andredepaula55,PSD,PE,0
André Ferreira,andreferreira.pe,aferreira2222,PL,PE,1
André Figueiredo,DeputadoAndreFigueiredo,andrepdt12,PDT,CE,0
André Fufuca,andrefufuca,DepAndreFufuca,PP,MA,
André Janones,AndreJanones,AndreJanonesAdv,AVANTE,MG,0
Angela Amin,AngelaAmin11,DeputadaAngela,PP,SC,0
Antonio Brito,antoniobritobahia,,PSD,BA,0
Arlindo Chinaglia,depchinaglia,depchinaglia,PT,SP,0
Aroldo Martins,aroldomartinsoficial,aroldomartins,REPUBLICANOS,PR,1
Arthur Oliveira Maia,arthur.oliveiramaia,DepArthurMaia,DEM,BA,
Assis Carvalho,assiscarvalho.pt,assis_carvalho,PT,PI,
Átila Lira,deputadoatilalira,deputadoatila,PP,PI,0
Augusto Coutinho,augusto.coutinho,dep_acoutinho,REPUBLICANOS,PE,0
Áurea Carolina,aureacarolina,aureacarolinax,PSOL,MG,0
Aureo Ribeiro,AureoRibeiroRJ,AureoRibeiroRJ,SOLIDARIEDADE,RJ,0
Bacelar,joaobacelaroficial,DeputadoBacelar,PV,BA,0
Baleia Rossi,baleia.rossi,Baleia_Rossi,MDB,SP,0
Benedita da Silva,blogdabenedita,dasilvabenedita,PT,RJ,0
Benes Leocádio,BenesLeocadioRN,benesleocadiorn,REPUBLICANOS,RN,1
Beto Faro,DeputadoBetoFaro,BetoFaroPT,PT,PA,0
Beto Pereira,BetoPereiraMS,betopereirams,PSDB,MS,0
Beto Rosado,betorosado1111,BetoRosado,PP,RN,0
Bia Kicis,biakicisoficial,Biakicis,PL,DF,1
Bibo Nunes,bibonunes,bibonunes1,PL,RS,1
Bira do Pindaré,bira.dopindare,BiradoPindare,PSB,MA,0
Boca Aberta,marabocaabertaparana,bocaabertajr,PROS,PR,1
Bosco Costa,boscocostase,BoscoCosta_SE,PL,SE,0
Bosco Saraiva,BoscoSaraivaAM,boscosaraiva,SOLIDARIEDADE,AM,0
Bruna Furlan Deputada Estadual,BrunaFurlanDeputadaEstadual,DepBrunaFurlan,PSDB,SP,
Cabo Junio Amaral,cabojunioamaral,cabojunioamaral,PL,MG,1
Cacá Leão,CacaLeaoOficial,CacaLeao,PP,BA,1
Camilo Capiberibe,camilocapiberibe,CamiloPSB,PSB,AM,0
Capitão Alberto Neto,capitaoalbertoneto,capalbertoneto,PL,AM,1
Capitão Augusto,capitaoaugustooficial,capitaoaugusto_,PL,SP,1
Capitão Wagner,capitaowagnersousa,capitao_wagner,PROS,CE,1
Carla Zambelli,ZambelliOficial,Zambelli2210,PL,SP,1
Carlos Bezerra,carlosbezerraoficial,,MDB,MT,
Carlos Chiodini,CarlosChiodini,carloschiodini,MDB,SC,1
Carlos Gomes,carlosgomesdep,carlosgomesdep,REPUBLICANOS,RS,1
Carlos Gurgel,joaocarlosgurgel,depgurgel,PL,RJ,1
Carlos Jordy,carlosjordyoficial,carlosjordy,PL,RJ,1
Carlos Sampaio,DeputadoCarlosSampaio,carlossampaio_,PSDB,SP,0
Carlos Veras,carlosveraspt,carlosveraspt,PT,PE,0
Carlos Zarattini,dep.zarattini,CarlosZarattini,PT,SP,0
Carmen Zanotto,CarmenZanottoSC,carmen_zanotto,CIDADANIA,SC,1
Carol De Toni,carolinerdetoni,CarolDeToni,PL,SC,1
Cássio Andrade,cassioandrade40,cassio4011,PSB,PA,
Celina Leão,CelinaLeaoDf,celinaleao,PP,DF,1
Célio Moura,CelioMouraTO,CelioMouraTO,PT,TO,0
Célio Studart,celio.studart,CelioStudart,PSD,CE,0
Celso Sabino,celsosabinooficial,depcelsosabino,PSL,PA,
Charles Fernandes,charlesfernandesoficial,CharlesFederal,PSD,BA,
Charlles Evangelista,charlles.evangelista,charllesevg,PP,MG,1
Chico D'Angelo,chicodangelo,chico_dangelo,PDT,RJ,0
Chris Tonietto,ChrisTonietto,ToniettoChris,PL,RJ,1
Christiane Yared,ChristianeYared,ChristianeYared,PP,PR,1
Christino Áureo,christino.aureo,christinoaureo,PP,RJ,0
Clarissa Garotinho,ClarissaGarotinhoRJ,dep_clarissa,PROS,RJ,1
Cláudio Cajado,deputadocajado,deputadocajado,PP,BA,1
Cleber Verde,cleberverde.1010,CleberVerde10,REPUBLICANOS,MA,1
Coronel Armando,coronel.armando,cel_armando,PL,SC,1
Coronel Tadeu,coroneltadeu,CoronelTadeu,PL,SP,1
Covatti Filho,covatti.filho,CovattiFilho,PP,RS,
Da Vitoria,deputadodavitoria,depdavitoria,PP,ES,1
Dagoberto Nogueira,dagobertonogueirams,depdagoberto,PSDB,MS,0
Daniel Almeida,depdanielalmeida,Daniel_PCdoB,PCdoB,BA,0
Daniel Coelho,DanielCoelho23,DanielCoelho23,CIDADANIA,PE,0
Daniel Freitas,depdanielfreitas,DFDanielFreitas,PL,SC,1
Daniel Trzeciak,danieltrzeciak45,TrzeciakDaniel,PSDB,RS,1
Daniela Carneiro,danielacarneirooficial,,MDB,RJ,0
Danilo Cabral,danilocabralpe,danilocabralpe,PSB,PE,0
Darci de Matos,Depdarcidematos,depdarcidematos,PSD,SC,1
David Miranda,davidmirandario12,davidmirandario,PDT,RJ,0
David Soares,davidbrsoares,davidbrsoares,DEM,SP,1
Delegado Antonio Furtado,DelegadoAntonioFurtado,DelegadoFurtado,PSL,RJ,1
Delegado Éder Mauro,edermauropa,EderMauroPA,PL,PA,1
Delegado Felício Laterça,delegadofeliciolaterca,FederalFelicio,PP,RJ,1
Delegado Marcelo Freitas,delegadomarcelofreitas,DelegadoFreitas,PSL,MG,1
Delegado Pablo,DelegadoPablo,DelegadoPablo_,PSL,CE,1
Delegado Waldir,delegado.waldir,,PSL,GO,0
Denis Bezerra,Drdenisbezerra,denisbezerra,PSB,CE,
Dep Chiquinho Brazão,depchiquinhobrazao,BrazaoChiquinho,AVANTE,RJ,0
Dep Pr Jefferson Campos,depjefferson,DepJefferson,PL,SP,1
Dep. Adriano do Baldy,AdrianoDoBaldyOficial,adrianodobaldy,PP,GO,
Deputado Arnaldo Jardim,deputadoarnaldojardim,ArnaldoJardim,CIDADANIA,SP,0
Deputado Átila Lins,deputado.atilalins,,PSD,AM,1
Deputado Célio Silveira,celiosilveiradeputadogo,,MDB,GO,1
Deputado Coronel Chrisóstomo,DepCoronelChrisostomo,DepChrisostomo,PL,RO,1
Deputado Edio Lopes,deputadoediolopes,ediolopes,PL,RR,0
Deputado Federal Arthur Lira,arthurliradeputadofederal,ArthurLira_,PP,AL,
Deputado Federal Bilac Pinto,depbilacpinto,depbilacpinto,DEM,MG,
Deputado Federal Dimas Fabiano,depdimasfabiano.toledo,dimasfabianomg,PP,MG,1
Deputado Federal Genecias Noronha,DeputadoGeneciasNoronha,DepGenecias,PL,CE,0
Deputado federal Igor Kannário,deputadoigorkannario,deputadokannar1,DEM,BA,1
Deputado Federal Leo Motta,leomottafederal,leomotta_ofc,REPUBLICANOS,MG,1
Deputado Federal Lincoln Portela,deputadolincolnportela,lincoln_portela,PL,MG,1
Deputado Federal Nereu Crispim,nereucrispim,nereucrispim,PSD,RS,0
Deputado Federal Nicoletti,DeputadoNicoletti,depnicoletti,PSL,RR,1
Deputado Federal Pastor Eurico,deputadopastoreurico,,PL,PE,1
Deputado Federal Ricardo Izar,deputadoricardoizar,RicardoIzar,REPUBLICANOS,SP,1
Deputado Federal Rodrigo de Castro,rodrigocastroMG,MGRodrigoCastro,PSDB,MG,0
Deputado Federal Vicentinho,DeputadoFederalVicentinho,VICENTINHOPT,PT,SP,0
Deputado Federal Zé Silva,deputadofederalzesilva,ZeSilva_,SOLIDARIEDADE,MG,
Deputado Jesus Sérgio,deputadoJesusSergio12,jesussergioac,PDT,AC,1
Deputado João Daniel,deputadojoaodaniel,depjoaodanielpt,PT,SE,0
Deputado João Marcelo,deputadojoaomarcelo,dep_joaomarcelo,MDB,MA,
Deputado Marcelo Nilo,marcelonilodep,,REPUBLICANOS,BA,0
Deputado Marcon,deputadomarcon,deputadomarcon,PT,RS,0
Deputado Maurício Dziedricki,DepMauricioRS,DepMauricioRS,PODEMOS,RS,1
Deputado Nivaldo Albuquerque,deputadonivaldoalbuquerque,NivaldoAlbuq,REPUBLICANOS,AL,1
Deputado Olival Marques,olivalmarquesoficial,OLIVALMARQUES,MDB,PA,1
Deputado Paulo Freire Costa,deputadopaulofreire,DF_PauloFreire,PL,SP,
Deputado Paulo Guedes,pauloguedesmg,deppauloguedes,PT,MG,0
Deputado Paulo Ramos,pauloramosrio,deppauloramos,PDT,RJ,0
Deputado Robério Monteiro,deproberiomonteiro,,PTB,CE,
Deputado Sanderson,deputadosanderson,DepSanderson,PL,RS,1
Deputado Sérgio Brito,deputadofederalsergiobrito,,PSD,BA,0
Deputado Toninho Wandscheer,DeputadoToninho,deputadotoninho,PP,PR,1
Deputado Vanderlei Macris,vanderleimacris,vanderleimacris,PSDB,SP,0
Deputado Zé Carlos,DepZeCarlosPT,Dep_ZeCarlosPT,PT,MA,0
Diego Andrade,diegoandrademg,diegoandrademg,PSD,MG,1
Diego Garcia,diegogarciapr,diegogarciapr,REPUBLICANOS,PR,1
Domingos Neto,DomingosNetoCeara,Domingos_Neto,PSD,CE,0
Domingos Sávio,domingossaviomg,DomingosSavioMG,PL,MG,1
Dr Mauro Nazif,DrMauroNazif,nazif_dr,PSB,RR,1
Dr. Damião,drdamiao,Drdamiaof,PDT,PB,0
Dr. Frederico,DrFredericoMG,DrFredericoMG,PATRIOTA,MG,1
Dr. Hiran Gonçalves,drhirangoncalves,drhiran_,PP,RR,
Dr. Jaziel Pereira,Dr.JazielPereira,jaziel_dr,PL,CE,1
Dr. Leonardo,drleonardomt,DrLeonardomt,REPUBLICANOS,MT,
Dr. Luiz Ovando,drluizovando,drluizovando,PP,MS,1
Dr. Luizinho,doutorluizinho,Doutorluizinhot,PP,RJ,0
Dr. Mário Heringer,deputadomarioheringer,mario_heringer,PDT,MG,0
Dra Marina,DraMarinaPeloPiaui,dramarinapi,REPUBLICANOS,PI,1
Dra. Soraya Manato,drasorayamanato,DraManato,PTB,ES,1
Dulce Miranda,dulcepaganimiranda,,MDB,TO,0
Edilazio Júnior,edilaziojunior,EdilazioJunior_,PSD,MA,0
Edmilson Rodrigues,edmilsonpsol,EdmilsonPSOL,PSOL,PA,
Edna Henrique,ednahenriqueoficial,,REPUBLICANOS,PB,1
Eduardo Barbosa,deputadofederaleduardobarbosa,eduardobarbosa_,PSDB,MG,0
Eduardo Bismarck,eduardobismarckce,eduardobismarck,PDT,CE,0
Eduardo Bolsonaro,bolsonaro.enb,BolsonaroSP,PL,SP,1
Eduardo Braide,eduardobraide,EduardoBraide,PSD,MA,
Eduardo Costa,dep.eduardocosta,dep_eduardo,PODEMOS,PA,1
Eduardo Cury,EduardoCuryOficial,Eduardo_Cury,PSDB,SP,0
Eduardo da Fonte,eduardodafonte,eduardodafonte,PP,PE,0
Efraim Filho,efraimfilho,efraimfilho,DEM,PB,
Elcione Barbalho,elcionebarbalh0,elcionebarbalh0,MDB,PA,
Eli Borges,dep.eliborges,elidiasborges,PL,TO,1
Elias Vaz,PoliticoEliasVaz,EliasVazGyn,PSB,GO,0
Elmar Nascimento,elmarnascimento,elmarnascimento,DEM,BA,
Elvino Bohn Gass,bohngass13,BohnGass,PT,RS,0
Emanuel Pinheiro,emanuelpinheiromt,emanuelzinhomt,MDB,MT,1
Emidinho Madeira,emidinhomadeira,,PL,MG,1
Enio Verri,enioverri,enioverri,PT,PR,0
Enrico Misasi,enricogmisasi,enricomisasi,MDB,SP,1
Erika Kokay,ErikaKokay,erikakokay,PT,DF,0
Eros Biondini,erosbiondini,erosbiondini,PL,MG,1
Euclydes Pettersen,EuclydesPettersenOficial,EuclydesPetter,PSC,MG,1
Evair Vieira de Melo,evair.vieirademelo,EvairdeMelo,PP,ES,1
Expedito Netto,dep.expeditonetto,netto_expedito,PSD,RO,1
Fábio Abreu,fabioabreu.oficial,fabioabreuofc,PSD,PI,0
Fábio Faria,fabiofaria.br,,PSD,RN,
Fábio Henrique,fabiohenriquese,fabiohenriquese,PDT,SE,0
Fábio Mitidieri,fabiogov55,FabioMitidieri_,PSD,SE,
Fábio Ramalho,deputadofabioramalho4311,deputadofabiomg,MDB,MG,
Fábio Reis,fabioreispsd,fabioreis_se,PSD,SE,1
Fabio Schiochet,fabioschiochetoficial,fabio_schiochet,PSL,SC,1
Fábio Trad,hydrorevivellc,f_trad,PSD,MS,0
Fausto Pinato,faustopinato,DepFaustoPinato,PP,SP,0
Felipe Carreras,FelipeCarrerasOficial,felipecarreras,PSB,PE,0
Felipe Francischini,depfelipefrancischini,FFrancischini_,PSL,PR,1
Felipe Rigoni,rigonifelipe,rigoni_felipe,PSL,ES,0
Félix Mendonça Júnior,felixjunior1234,FelixMendoncaJr,PDT,BA,0
Fernanda Melchionna,fernandapsol,fernandapsol,PSOL,RS,0
Fernando Filho,fernandofilhope,fernandofilhope,DEM,PE,0
Fernando Giacobo,fernandogiacobo,fernandogiacobo,PL,PR,
Fernando Monteiro,fernandomonteirope,fmonteiroPE,PP,PE,0
Fernando Rodolfo,FernandoRodolfoTV,depfernandor,PL,PE,
Filipe Barros,filipebarrosoficial,filipebarrost,PL,PR,1
Flávia Arruda,flaviaperes.df,FlaviaArrudaDF,PL,DF,
Flávia Morais,flaviamorais1212,,PDT,GO,
Flaviano Melo,flavianomelooficial,,MDB,AC,
Flávio Nogueira,flavionogueirapi,flavionpi,PT,PI,0
Flordelis,flordelisCantora,depflordelis,PSD,RJ,
Francisco Jr,franciscojrgo,franciscojr_go,PSD,GO,1
Franco Cartafina,francocartafina11,FrancoCartafina,PP,MG,1
Fred Costa,FredCostaDeputado,FredCostaDep,PATRIOTA,MG,1
Frei Anastacio Ribeiro,freianastaciopt,freianastaciopt,PT,PB,0
Gelson Azevedo,GelsonAzevedoRJ,,PL,RJ,
General Girão Monteiro,generalgirao,GeneralGirao,PL,RN,1
General Peternelli,generalpeternelli,GenPeternelli,PSL,SP,1
Geninho Zuliani,geninhozuliani,geninhozuliani,DEM,SP,0
Geovania de Sá,geovaniadesaa,geovaniadesa,PSDB,SC,1
Gervásio Maia,gervasiomaiapb,gervasiomaia,PSB,PB,0
Gil Cutrim,depgilcutrim,gilcutrim,REPUBLICANOS,MA,0
Gilberto Abramo,gilbertoabramo,gilbertoabramo,REPUBLICANOS,MG,1
Gildemar Matos Coach,gildemarmatoscoach,,,,
Gilson Marques,gilson.marques.novo,gilson__marques,NOVO,SC,1
Giovani Cherini,deputadogiovanicherini,giovanicherini,PL,RS,1
Giovani Feltes,GiovaniFeltes1,GiovaniFeltes,MDB,RS,1
Glauber Braga,glauber.braga1,Glauber_Braga,PSOL,RJ,0
Glaustin da Fokus,glaustindafokus,glaustindafokus,PSC,GO,1
Gleisi Hoffmann,gleisi.hoffmann,gleisi,PT,PR,0
Gonzaga Patriota,DepGonzagaPatriota,,PSB,PE,
Greyce Elias,greyce.elias,greyceelias,AVANTE,MG,1
Guilherme Derrite,guilhermederrite,DerriteSP,PL,SP,1
Guilherme Mussi,deputadoguilhermemussi,GuilhermeMussi,PP,SP,0
Gustavo Fruet,gustavofruet,gustavofruet,PDT,PR,0
Gustinho Ribeiro,gustinhoribeiro,GustinhoRibeiro,REPUBLICANOS,SE,0
Gutemberg Reis,GutembergReisOficial,_GutembergReis,MDB,RS,1
Heitor Schuch,heitorschuchoficial,HeitorSchuch,PSB,RS,1
Helder Salomão,helder.salomao.1350,heldersalomao,PT,ES,0
Helio Leite,helioleitepa,,DEM,,1
Helio Lopes,depheliolopes,depheliolopes,PSL,RJ,1
Henrique Fontana,deputadohenriquefontana,HenriqueFontana,PT,RS,0
Hercílio Coelho Diniz,herciliocoelhodinizoficial,herciliodiniz,MDB,MG,1
Herculano Passos,HerculanoPassos,herculanopassos,REPUBLICANOS,SP,
Hermes Frangão Parcianello,frangaofederal,,MDB,PR,
Hildo Rocha,deputadohildorocha,RochaHildorocha,MDB,MA,
Hugo Leal,hugolealdeputadofederal,depHugoLeal,PSD,RJ,1
Hugo Motta,hugomottapb,HugoMottaPB,REPUBLICANOS,PB,
Idilvan,idilvanoficial,IdilvanAlencar,PDT,CE,0
Igor Timo,oficialigortimo,oficialigortimo,PODEMOS,MG,
Iracema Portella,iracemaportella,iracemaportela,PP,PI,1
Ivan Valente,IvanValentePSOL,IvanValente,PSOL,SP,0
Jandira Feghali,JandiraFeghaliOficial,jandira_feghali,PCdoB,RJ,0
Jaqueline Cassol,jaquelinecassoloficial,jqcassol,PP,RO,1
Jean Wyllys,jean.wyllys,,PSOL,BA,
Jéssica Sales,dep.jessicasales,,MDB,AC,1
JHC,jhc,jhcdopovo,PSB,AL,
Jhonatan de Jesus,DepJhonatanJesus,jhonatan_djesus,REPUBLICANOS,RR,
João Campos,deputadojoaocampos,joaocamposdep,REPUBLICANOS,GO,1
João Roma,joaoromaneto,joaoromaneto,REPUBLICANOS,BA,
Joaquim Passarinho,joaquimpassarinhooficial,depjpassarinho,PL,PS,1
Joenia Wapichana,Dep.Joeniawapichana,JoeniaWapichana,REDE,RR,0
Joice Hasselmann,joicehasselmann,joicehasselmann,PSDB,SP,0
Jorge Braz,jorgebrazoficial,Jorge_Braz,REPUBLICANOS,RJ,1
Jorge Solla,depjorgesolla,depjorgesolla,PT,BA,0
José Airton Cirilo,Joseairtoncirilo,JoseAirtonPT,PT,CE,0
José Guimarães,guimaraes13pt,guimaraes13PT,PT,CE,0
José Medeiros,josemedeirosMT,JoseMedeirosMT,PL,MT,1
José Nelto,joseneltooficial,josenelto19,PP,GO,0
José Nunes,deputadojosenunes,,PSD,BA,
José Priante,Priante1555,Priante15,MDB,PA,0
José Ricardo,ZeRicardoAM,ZeRicardoAM,PT,AM,0
Josias Gomes,josiasgomespt,josiasgomesba,PT,BA,
Juarez Costa,juarezcostamt,juarezcostamt,MDB,MT,1
Julian Lemos,julianlemospb,JulianLemosopb1,PSL,PB,1
Julio Cesar Ribeiro,depjuliocesarribeiro,JulioCesarRib,REPUBLICANOS,DF,1
Juninho Do Pneu,juninhodopneu01,JuninhodoPneu,DEM,RJ,
Júnior Bozzella,jrbozzella,jrbozzella,PSL,SP,0
Júnior Ferrari,juniorferrarideputado,juniorferrari55,PSD,PA,1
Junior Lourenço,Juniorlourencobonfim,,PL,MA,0
Junior Mano,juniormanodep,JuniorManoDep,PL,CE,0
Juscelino Filho,DepJuscelinoFilho,DepJuscelino,DEM,SP,
Kim Kataguiri,kimkataguiri,KimKataguiri,DEM,SP,0
Laércio Oliveira,senadorlaerciooliveira,laerciosergipe,PP,SE,1
Lafayette Andrada,lafayetteandrada,lafayetteandrad,REPUBLICANOS,MG,1
Leandre Dal Ponte,LeandreOficial,leandredaideal,PSD,PR,1
Leda Sadala,dep.ledasadala,,PP,AP,
Leo Moraes,LeoMoraes.19,DepLeoMoraes,PODEMOS,RO,1
Leonardo Monteiro,depleomonteiro,depleomonteiro,PT,MG,0
Leônidas Cristino,leonidascristinooficial,joseleonidas,PDT,CE,0
Leur Lomanto Junior,leurlomantojr,LeurLomantoJr,DEM,BA,1
Lídice da Mata,LidicedaMata,lidicedamata,PSB,BA,0
Liziane Bayer,LizianeBayer,LizianeBayer,REPUBLICANOS,RS,1
Loester Trutis,loestertrutisdep,LTrutis,PL,MS,1
Lourival Gomes,deputadolourivalgomes,LourivalGomesrj,NOVO,RJ,1
Lucas Gonzalez 3022,lucasvgonzalez,lucasvgonzalez,NOVO,MG,1
Lucas Redecker,LucasRedecker,LucasRedecker,PSDB,RS,1
Lucas Vergilio,lucasvergiliogo,LucasVergilioGO,SOLIDARIEDADE,GO,0
Luciano Bivar,Bivaroficial,,PSL,PE,0
Lucio Mosquini,deputadoluciomosquini,,MDB,RO,1
Luis Miranda USA,luismirandausa,LuisMirandaUSA,REPUBLICANOS,DF,0
Luis Tibé,luistibeoficial,LuisTibeOficial,AVANTE,MG,0
Luísa Canziani,canzianiluisa,luisa_canziani,PSD,PR,
Luiz Antônio Corrêa,depluizantonio,depluizantonio,PP,RJ,0
Luiz Caetano,luiz.caetanoBA,,PT,BA,
Luiz Carlos,Luizcarlosjr45,DepLuizCarlos,PSDB,AP,
Luiz Flávio Gomes,institutoluizflaviogomes,,PSB,SP,
Luiz Lima,oficialluizlima,Oficialluizlima,PL,RJ,1
Luiz Nishimori,nishimoriluiz,LuizNishimori,PSD,PR,1
Luiz Philippe de Orleans e Bragança,lpbragancabr,lpbragancabr,PL,RJ,1
Luiza Erundina,luizaerundina,luizaerundina,PSOL,SP,0
Luizão Goulart,luizaogoulartpr,luizaogoulart,SOLIDARIEDADE,PR,0
Luizianne Lins,luiziannelinsPT,LuizianneLinsPT,PT,CE,0
Magda Mofatto,MagdaMofatto.Goias,MofattoMagda,PL,GO,1
Major Fabiana,majorfabiana,majorfabianadep,PL,RJ,1
Major Vitor Hugo,DeputadoVitorHugo,MajorVitorHugo,PL,GO,1
Mara Rocha,soumararocha,soumara15,MDB,AC,1
Marcel van Hattem,marcelvh,marcelvanhattem,NOVO,RS,1
Marcelo Álvaro Antônio,marceloalvaroantonio,Marceloalvaroan,PL,MG,
Marcelo Aro,marceloaro,marceloaro,PP,MG,0
Marcelo Calero,calero.rio,caleromarcelo,PSD,RJ,0
Marcelo Freixo,freixo.marcelo,MarceloFreixo,PSB,RJ,0
Marcelo Ramos,marceloramosam,marceloramosam,PSD,AM,0
Marcio Alvino,marcioalvino,,PL,SP,0
Márcio Biolchi,deputadobiolchi,marciobiolchi,MDB,RS,1
Márcio Jerry,marciojerry,marciojerry,PCdoB,MA,
Marco Bertaiolli,marco.bertaiolli,MarcoBertaiolli,PSD,SP,0
Marco Feliciano,PastorMarcoFeliciano,marcofeliciano,PL,SP,1
Marcos Aurélio Sampaio,marcosaureliosampaio,MarcosA_Sampaio,PSDB,PI,0
Marcos Pereira 1010,marcospereira1010,marcospereira04,REPUBLICANOS,SP,1
Margarete Coelho,margaretecoelho.castro,MargaretCoelho,PP,PI,0
Margarida Salomão,jfmargarida,JFMargarida,PT,MG,
Maria do Rosário,DeputadaMariaDoRosario,mariadorosario,PT,SP,0
Maria Rosas,mariarosas.oficial,mariarosassp,REPUBLICANOS,SP,1
Mariana Carvalho,marianacarvalho.ro,DeputadaMariana,REPUBLICANOS,RO,1
Marília Arraes,arraes,MariliaArraes,SOLIDARIEDADE,PE,0
Mário Negromonte Júnior,mario.negromontejunior,JrNegromonte,PP,BA,0
Marlon Santos,MarlonSantosPolitico,,PL,RS,1
Marreca Filho,depmarrecafilho,depmarrecafilho,PATRIOTA,MA,0
Marx Beltrão,MarxBeltrao,marxbeltrao,PP,AL,1
Maurício Bacelar,MauricioBacelarOficial,BacelarMauricio,PV,BA,0
Mauro Benevides Filho,maurobenevidesf,mauro_bfilho,PDT,CE,
Miguel Lombardi,miguellombardi.deputadofederal,,PL,SP,1
Milton Vieira,miltonvieiraoficial,MiltonVieiraOfc,REPUBLICANOS,SP,
Misael Varella,deputadomisaelvarella,VarellaMisael,PSD,MG,1
Moses Rodrigues,MosesRodriguesOficial,DepFederalMoses,MDB,CE,1
Motta,mottadoscomerciarios,deputadomotta,PL,SP,0
Natália Bonavides,nataliabonavides,natbonavides,PT,RN,0
Nelson Barbudo,onelsonbarbudo,nelsonbarbudo,PL,MT,1
Nelson Pelegrino,nelsonpelegrino,nelsonpelegrino,PT,BA,
Neri Geller,nerigelleroficial,,PP,MT,1
Ney Leprevost,amigoneyleprevost,neyleprevost,PSD,PR,
Nilson Pinto,DeputadoNilsonPinto,DepNilsonPinto,PSDB,PA,0
Nilto Tatto,niltotattosp,NiltoTatto,PT,SP,0
Norma Ayub,DeputadaNormaAyub,normaayub11,PP,ES,1
Odair Cunha,odaircunhamg,odaircunhamg,PT,MG,0
Onyx Lorenzoni,onyx.lorenzoni,onyxlorenzoni,DEM,RS,
Orlando Silva,orlandosilvasp,orlandosilva,PCdoB,SP,0
Osires Damaso,OsiresDamaso,deposiresdamaso,PSC,TO,1
Osmar Terra,DeputadoOsmarTerra,OsmarTerra,MDB,RS,1
Ossesio Silva,Ossesio.Silva,OssesioSilva,REPUBLICANOS,PE,1
Otoni de Paula,OtoniDeputadoFederal,OtoniDepFederal,MDB,RJ,1
Ottaci,ottacinascimento,OttaciRR,SOLIDARIEDADE,RR,1
Otto Alencar,ottoalencaroficial,OttoAlencarFilh,PSD,BA,0
Padre João,padrejoao,padrejoaozinho,PT,SP,0
Pastor Alex Santana,depalexsantana,depalexsantana,REPUBLICANOS,BA,1
Pastor Isidório Filho,pastorisidoriofilho,prisidorio,AVANTE,BA,
Patrus Ananias,patrusananias13,Patrus_Ananias,PT,MG,0
Paula Belmonte,paulabelmonteoficial,paulambelmonte,CIDADANIA,DF,1
Paulão,paulaodopt,paulaodopt,PT,AL,0
Paulo Abi-Ackel,abiackelpaulo,pauloabiackel,PSDB,MG,
Paulo Azi,pauloazi,PauloAzi,DEM,BA,
Paulo Bengtson,prpaulobengtson,PauloBengtson,PTB,PA,1
Paulo Eduardo Martins,PauloEduardoOficial,PauloMartins10,PL,PR,1
Paulo Foletto,PauloFoletto,DeputadoFoletto,PSB,ES,
Paulo Ganime,pauloganime,pauloganime,NOVO,RJ,1
Paulo Pimenta,pimenta13br,Pimenta13Br,PT,RS,0
Paulo Teixeira,PauloTeixeira13,pauloteixeira13,PT,SP,0
Pedro Bezerra,pedrobezerradep,PedroABezerra,PDT,CE,0
Pedro Cunha Lima,pedrocloficial,pedroocl,PSDB,PB,0
Pedro Lucas Fernandes,pedrolucasfernandesdeputadofederal,depPedroLucasF,PTB,MA,0
Pedro Lupion,DeputadoPedroLupion,pedro_lupion,PP,PR,1
Pedro Paulo,rio.pedropaulo,pedropaulo,PSD,RJ,0
Pedro Uczai,PedroUczai,uczai,PT,SC,0
Pedro Westphalen,pedrowestphalen11,pedrowestphalen,PP,RS,
Perpétua Almeida,perpetuaalmeida.acre,perpetua_acre,PCdoB,AC,0
Pinheirinho Deputado Federal,joao,pinheirinhomg,PP,MG,
Policial Katia Sastre,policialkatiasastre,KatiaSastre,PL,SP,1
Pompeo de Mattos,pompeodemattospdt,PompeodeMattos,PDT,RS,1
Professor Alcides,ProfessorAlcidesoficial,,PL,GO,1
Professor Israel,profisrael,ProfIsrael,PSB,DF,0
Professor Joziel,professorjoziel,professorjoziel,PATRIOTA,RJ,1
Professora Dayane Pimentel,professoradayanepimentel,deppimentel,PSL,BA,0
Professora Dorinha,profdorinha,profdorinha,DEM,TO,0
Professora Marcivânia,profmarcivania,profmarcivania,PCdoB,AP,0
Professora Rosa Neide,ProfessoraRosaNeide,prof_rosaneide,PT,MT,0
Rafael Motta,rafaelmottarn,RafaelMottaRN,PSB,RN,0
Raimundo Costa,oficialraimundocosta,raimundocostaba,PODEMOS,BA,0
Raul Henry,RaulHenryPE,RaulHenry,MDB,PE,0
Reginaldo Lopes,reginaldolopesmg,ReginaldoLopes,PT,MG,0
Rejane Dias,rejaneribeiro.dias,rejane_dias/rejanediasPI,PT,PI,0
Renata Abreu,renataabreu1919,RenataAbreu1919,PODEMOS,SP,1
Renildo Calheiros,renildovcalheiros,renildo,PCdoB,PE,0
Ricardo Barros,RicardoBarrosOficial,RicardoBarrosPP,PP,PR,1
Ricardo Guidi,ricardozguidi,ricardozguidi,PSD,SC,1
Ricardo Teobaldo,deputadoricardoteobaldo,,PODEMOS,PE,1
Roberto Alves Republicanos,RobertoAlvesRepublicanos,RobertoAlves_10,REPUBLICANOS,SP,1
Roberto de Lucena,dep.lucena,robertodelucena,REPUBLICANOS,SP,
Roberto Pessoa,RobertoPessoaOficial,segueoRP,PSDB,SP,
Rodrigo Agostinho,RodrigoAgostinhoOficial,rodrigoagost,PSB,SP,0
Rodrigo Coelho,rodrigocoelhooficial,coelho_rodrigo,PODEMOS,SC,1
Rodrigo Maia,RodrigoMaiaRJ,RodrigoMaia,PSDB,RJ,0
Rogério Correia,deputadorogeriocorreia,RogerioCorreia_,PT,MG,0
Rogério Peninha Mendonça,deputadopeninha,deputadopeninha,MDB,SC,1
Ronaldo Carletto,RonaldoCarlettoOficial,ronaldocarletto,PP,BA,
Rosana Valle,RosanaValleOficial,DepRosanaValle,PL,SP,1
Rosangela Gomes,deputadarosangelagomes,rosangelasgomes,REPUBLICANOS,RJ,1
Rose Modesto,rosemodestoms,,REPUBLICANOS,MS,1
Rubens Bueno,23rubensbueno,23rubensbueno,CIDADANIA,PR,0
Rubens Jr,rubenspereirajrs,rubenspereirajr,PT,MA,0
Rubens Otoni,rubensotoni,RubensOtoni,PT,GO,0
Rui Falcão,rfalcao13,rfalcao13,PT,SP,0
Ruy Carneiro,ruycarneiropb,ruycarneiropb,PSC,PB,1
Sâmia Bomfim,samia.bomfim.psol,samiabomfim,PSOL,SP,0
Samuel Moreira,samuelmoreiraregistro,samuelmoreira,PSDB,SP,0
Sandro Alex,depsandroalex,SandroAlex5555,PSD,SP,
Sargento Fahur,SargentoFahur10,SargentoFAHUR,PSD,PR,1
Sebastião Oliveira,sebastiaooliveirape,,AVANTE,PE,0
Sérgio Souza,sergiosouzaPR,_sergiosouza,MDB,PR,1
Sérgio Toledo,deputadosergiotoledo,,PV,AL,0
Sergio Vidigal,vidigalsergio,vidigalsergio,PDT,ES,
Severino Pessoa,severinolpessoaal,severinopessoaa,MDB,AL,1
Shéridan,SheridanRR,,PSDB,RR,1
Sidney Leite,leitesidney,sidneyleite_,PSD,AM,0
Silas Câmara 1010,DepSilas,silascamara_,REPUBLICANOS,AM,1
Silvia Cristina,silviacristina.ro,,PL,RO,1
Silvio Costa Filho,silvio.costafilhoi,Silvio_CFilho,REPUBLICANOS,PE,0
Soraya Santos,deputadasorayasantos,depsorayasantos,PL,RJ,
Sóstenes Cavalcante,sostenescavalcante,DepSostenes,PL,RJ,1
Stefano Aguiar,PastorStefanoAguiar,depstefano,PSD,MG,1
Subtenente Gonzaga,deputadosubtenentegonzaga,subgonzagamg,PSD,MG,1
Tabata Amaral,tabataamaralSP,tabataamaralsp,PSB,SP,0
Tadeu Alencar,DeputadoTadeuAlencar,TadeuAlencarPE,PSB,PE,0
Talíria Petrone,taliriapetronepsol,taliriapetrone,PSOL,RJ,0
Tereza Cristina,terezacristinams,TerezaCrisMS,DEM,MS,
Tereza Nelma,TerezaNelmaAL,terezanelmaal,PSD,AL,0
Tiago Dimas,depfederaltiagodimas,tiago_dimas,PODEMOS,TO,1
Tiago Mitraud,TiagoMitraud,TiagoMitraud,NOVO,MG,0
Tiririca,tiririca,tiriricanaweb,PL,SP,0
Túlio Gadêlha,TulioGadelhaOficial,tuliogadelha,REDE,PE,0
Valdevan Noventa,ValdevanNoventaOficial,ValdevanNoventa,PL,SE,0
Valmir Assunção Lula da Silva,depvalmir,DepValmir,PT,BA,0
Vanda Milani,dravandamilani.ac,,PROS,AC,1
Vander Loubet,deputadovander,vanderloubet,PT,MS,0
Vavá,vavamartinsoficial,vavamartinspa,REPUBLICANOS,PA,1
Vermelho Deputado Federal,deputadovermelho,depvermelho,PL,PR,1
Vicentinho Júnior,VicentinhoJr,vicentinhojr,PP,TO,0
Vilson da Fetaemg,VilsondaFetaemg,Vilsondafetaemg,PSB,MG,0
Vinicius Carvalho,viniciuscarvalhooficial,falecomvinicius,REPUBLICANOS,SP,
Vinicius Farah,farah.vinicius,,MDB,RJ,
Vinícius Gurgel,deputadoviniciusgurgel,VinciusGurgel3,PL,AP,0
Vinicius Poit,ViniciusPoit,ViniciusPoit,NOVO,SP,0
Vitor Lippi,vitorlippi,DepVitorLippi,PSDB,SP,0
Wagner Montes,depwagnermontes,,PRB,RJ,
Waldenor Pereira,deputadowaldenorpereira,WaldenorPereira,PT,BA,0
Walter Pereira Alves,WalterAlves1511,walteralvesrn,MDB,RN,0
Weliton Prado,welitonpradodeputado,,PROS,MG,1
Wellington Roberto,depwellingtonroberto,,PL,PB,0
Wilson Santiago,wilsonsantiagopb,WilsonSantiago_,REPUBLICANOS,PB,
Wladimir Garotinho,wladimirgarotinhoo,WladGarotinho,PSD,RJ,
Wolney Queiroz,wolneyqueirozpe,WolneyQueirozM,PDT,PE,0
Zé Haroldo Cathedral,joseharoldocathedral,ze_haroldo,PSD,RR,1
Zé Mário,zemariogo,ZeMarioGO,MDB,GO,1
Zé Neto,depzeneto,depzeneto1323,PT,BA,0
Zé Vitor,zevitorMG,zevitor_mg,PL,MG,1
Zeca Dirceu,deputadofederalzecadirceu,zeca_dirceu,PT,PR,0
