Id	Label	author	party	state	PEC135	ideology_2021	louvain_community	degree	strength	total_posts	total_engagement	mean_engagement	Q1	Q2	is_wolf
23rubensbueno	Rubens Bueno	23rubensbueno	CIDADANIA	PR	0	-0.014	1	0	0	25	4433	177.32	6	1	0
tabataamaralSP	Tabata Amaral	tabataamaralSP	PSB	SP	0	-0.427	2	22	22	96	246691	2569.6979166666665	19	12	0
marceloramosam	Marcelo Ramos	marceloramosam	PSD	AM	0	0.296	2	16	16	61	25485	417.78688524590166	8	4	0
terezacristinams	Tereza Cristina	terezacristinams	DEM	MS	0	0.431	2	15	15	20	13197	659.85	2	0	0
leitesidney	Sidney Leite	leitesidney	PSD	AM	0	0.296	2	12	12	27	9590	355.18518518518516	4	1	0
deputadofederalzesilva	Deputado Federal Zé Silva	deputadofederalzesilva	SOLIDARIEDADE	MG	0	0.19	2	11	11	29	1804	62.206896551724135	8	0	0
sergiosouzaPR	Sérgio Souza	sergiosouzaPR	MDB	PR	1	0.137	2	10	10	34	5526	162.52941176470588	2	1	0
greyce.elias	Greyce Elias	greyce.elias	AVANTE	MG	1	0.455	2	9	9	14	2374	169.57142857142858	3	3	1
marceloaro	Marcelo Aro	marceloaro	PP	MG	0	0.51	2	8	8	10	2877	287.7	1	0	0
DepSilas	Silas Câmara 1010	DepSilas	REPUBLICANOS	AM	1	0.55	2	7	7	31	4681	151	5	5	1
deputadogiovanicherini	Giovani Cherini	deputadogiovanicherini	PL	RS	1	0.493	2	7	7	43	10095	234.7674418604651	12	4	1
pinheirinhomg	Pinheirinho Deputado Federal	pinheirinhomg	PP	MG	0	0.51	2	7	7	8	16575	2071.875	0	0	0
zevitorMG	Zé Vitor	zevitorMG	PL	MG	1	0.493	2	7	7	1	226	226	0	0	0
herciliocoelhodinizoficial	Hercílio Coelho Diniz	herciliocoelhodinizoficial	MDB	MG	1	0.137	2	6	6	11	5102	463.8181818181818	3	1	0
AfonsoMottaOpina	Afonso Motta	AfonsoMottaOpina	PDT	RS	0	-0.356	2	4	4	27	5609	207.74074074074073	4	1	0
depalceumoreira	Alceu Moreira	depalceumoreira	MDB	RS	1	0.137	2	4	4	47	22060	469.36170212765956	8	7	1
deputadoarnaldojardim	Deputado Arnaldo Jardim	deputadoarnaldojardim	CIDADANIA	SP	0	-0.014	2	4	4	25	1200	48	5	0	0
deputadobiolchi	Márcio Biolchi	deputadobiolchi	MDB	RS	1	0.137	2	4	4	7	781	111.57142857142857	3	0	0
diegoandrademg	Diego Andrade	diegoandrademg	PSD	MG	1	0.296	2	4	4	14	2981	212.92857142857142	2	1	0
wilsonsantiagopb	Wilson Santiago	wilsonsantiagopb	REPUBLICANOS	PB	0	0.55	2	4	4	1	31	31	0	0	0
cassioandrade40	Cássio Andrade	cassioandrade40	PSB	PA	0	-0.427	2	3	3	4	354	88.5	0	0	0
depafonsohamm	Afonso Hamm	depafonsohamm	PP	RS	0	0.51	2	3	3	10	5018	501.8	0	0	0
deputado.atilalins	Deputado Átila Lins	deputado.atilalins	PSD	AM	1	0.296	2	3	3	7	2077	296.7142857142857	0	0	0
emidinhomadeira	Emidinho Madeira	emidinhomadeira	PL	MG	1	0.493	2	3	3	83	42168	508.04819277108436	3	1	0
evair.vieirademelo	Evair Vieira de Melo	evair.vieirademelo	PP	ES	1	0.51	2	3	3	94	16697	177.62765957446808	15	7	1
abiackelpaulo	Paulo Abi-Ackel	abiackelpaulo	PSDB	MG	0	0.157	2	2	2	21	1626	77.42857142857143	8	3	0
AecioNevesOficial	Aécio Neves	AecioNevesOficial	PSDB	MG	0	0.157	2	2	2	5	4028	805.6	0	0	0
antoniobritobahia	antoniobritobahia	antoniobritobahia	NotAvailable	NotAvailable	0		2	2	2	0	0	0	0	0	0
cassioandrade4011	Cássio Andrade 4011	cassioandrade4011	PSB	PA	0	-0.427	2	2	2	11	715	65	2	1	0
christino.aureo	Christino Áureo	christino.aureo	PP	RJ	0	0.51	2	2	2	39	4178	107.12820512820512	5	0	0
DrFredericoMG	Dr. Frederico	DrFredericoMG	PATRIOTA	MG	1	0.455	2	2	2	8	7290	911.25	4	4	1
luizaogoulartpr	Luizão Goulart	luizaogoulartpr	SOLIDARIEDADE	PR	0	0.19	2	2	2	28	10961	391.4642857142857	8	1	0
ZeRicardoAM	José Ricardo	ZeRicardoAM	PT	AM	0	-0.691	2	2	2	104	26796	257.65384615384613	5	2	0
depdimasfabiano.toledo	Deputado Federal Dimas Fabiano	depdimasfabiano.toledo	PP	MG	1	0.51	2	1	1	10	1743	174.3	2	1	0
deputadomisaelvarella	Misael Varella	deputadomisaelvarella	PSD	MG	1	0.296	2	1	1	4	556	139	4	0	0
domingossaviomg	Domingos Sávio	domingossaviomg	PL	MG	1	0.493	2	1	1	55	13069	237.61818181818182	1	1	0
francocartafina11	Franco Cartafina	francocartafina11	PP	MG	1	0.51	2	1	1	7	1256	179.42857142857142	1	0	0
GiovaniFeltes1	Giovani Feltes	GiovaniFeltes1	MDB	RS	1	0.137	2	1	1	6	973	162.16666666666666	2	1	0
LeandreOficial	Leandre Dal Ponte	LeandreOficial	PSD	PR	1	0.296	2	1	1	8	1436	179.5	1	0	0
mariarosas.oficial	Maria Rosas	mariarosas.oficial	REPUBLICANOS	SP	1	0.55	2	1	1	12	1865	155.41666666666666	3	0	0
PauloFoletto	Paulo Foletto	PauloFoletto	PSB	ES	0	-0.427	2	1	1	4	418	104.5	0	0	0
rosemodestoms	Rose Modesto	rosemodestoms	REPUBLICANOS	MS	1	0.55	2	1	1	30	15710	523.6666666666666	5	1	0
zemariogo	Zé Mário	zemariogo	MDB	GO	1	0.137	2	1	1	37	3801	102.72972972972973	1	1	0
danilocabralpe	Danilo Cabral	danilocabralpe	PSB	PE	0	-0.427	3	32	32	61	14664	240.39344262295083	8	4	0
rafaelmottarn	Rafael Motta	rafaelmottarn	PSB	RN	0	-0.427	3	21	21	35	5888	168.22857142857143	11	1	0
DeputadoNicoletti	Deputado Federal Nicoletti	DeputadoNicoletti	PSL	RR	1	0.803	3	16	16	67	14811	221.0597014925373	10	7	1
LeoMoraes.19	Leo Moraes	LeoMoraes.19	PODEMOS	RO	1		3	14	14	29	33729	1163.0689655172414	3	2	0
juarezcostamt	Juarez Costa	juarezcostamt	MDB	MT	1	0.137	3	12	12	15	1289	85.93333333333334	4	1	0
profmarcivania	Professora Marcivânia	profmarcivania	PCDOB	AP	0	-0.822	3	12	12	20	5560	278	1	1	0
AdrianoDoBaldyOficial	Dep. Adriano do Baldy	AdrianoDoBaldyOficial	PP	GO	0	0.51	3	11	11	23	969	42.130434782608695	4	0	0
DepGonzagaPatriota	Gonzaga Patriota	DepGonzagaPatriota	PSB	PE	0	-0.427	3	11	11	19	2109	111	3	1	0
professoradayanepimentel	Professora Dayane Pimentel	professoradayanepimentel	PSL	BA	0	0.803	3	11	11	13	13632	1048.6153846153845	1	1	0
VicentinhoJr	Vicentinho Júnior	VicentinhoJr	PP	TO	0	0.51	3	11	11	19	372	19.57894736842105	4	0	0
augusto.coutinho	Augusto Coutinho	augusto.coutinho	REPUBLICANOS	PE	0	0.55	3	10	10	28	1765	63.035714285714285	2	0	0
dep.alinegurgel	Aline Gurgel	dep.alinegurgel	REPUBLICANOS	AM	1	0.55	3	10	10	21	1715	81.66666666666667	2	0	0
deputadoluciomosquini	Lucio Mosquini	deputadoluciomosquini	MDB	RO	1	0.137	3	10	10	21	4205	200.23809523809524	6	3	1
dulcepaganimiranda	Dulce Miranda	dulcepaganimiranda	MDB	TO	0	0.137	3	10	10	8	635	79.375	0	0	0
silvio.costafilhoi	Silvio Costa Filho	silvio.costafilhoi	REPUBLICANOS	PE	0	0.55	3	10	10	12	2624	218.66666666666666	2	1	0
andredepaulaoficial	André de Paula	andredepaulaoficial	PSD	PE	0	0.296	3	9	9	37	3869	104.56756756756756	1	0	0
nishimoriluiz	Luiz Nishimori	nishimoriluiz	PSD	PR	1	0.296	3	9	9	4	852	213	3	0	0
RaulHenryPE	Raul Henry	RaulHenryPE	MDB	PE	0	0.137	3	9	9	35	7230	206.57142857142858	10	5	0
fernandomonteirope	Fernando Monteiro	fernandomonteirope	PP	PE	0	0.51	3	8	8	5	217	43.4	1	0	0
silviacristina.ro	Silvia Cristina	silviacristina.ro	PL	RO	1	0.493	3	8	8	16	2856	178.5	4	2	0
BenesLeocadioRN	Benes Leocádio	BenesLeocadioRN	REPUBLICANOS	RN	1	0.55	3	7	7	17	1838	108.11764705882354	0	0	0
glaustindafokus	Glaustin da Fokus	glaustindafokus	PSC	GO	1	0.596	3	7	7	60	5600	93.33333333333333	14	3	1
leurlomantojr	Leur Lomanto Junior	leurlomantojr	DEM	BA	1	0.431	3	7	7	14	935	66.78571428571429	4	2	0
marianacarvalho.ro	Mariana Carvalho	marianacarvalho.ro	REPUBLICANOS	RO	1	0.55	3	7	7	46	21821	474.3695652173913	8	2	0
ottacinascimento	Ottaci	ottacinascimento	SOLIDARIEDADE	RR	1	0.19	3	7	7	12	4573	381.0833333333333	4	2	0
arthur.oliveiramaia	Arthur Oliveira Maia	arthur.oliveiramaia	DEM	BA	0	0.431	3	6	6	21	1646	78.38095238095238	6	1	0
CacaLeaoOficial	Cacá Leão	CacaLeaoOficial	PP	BA	1	0.51	3	6	6	4	130	32.5	0	0	0
dep.eliborges	Eli Borges	dep.eliborges	PL	TO	1	0.493	3	6	6	8	641	80.125	3	2	0
DepJhonatanJesus	Jhonatan de Jesus	DepJhonatanJesus	REPUBLICANOS	RR	0	0.55	3	6	6	10	433	43.3	3	1	0
deputadoediolopes	Deputado Edio Lopes	deputadoediolopes	PL	RR	0	0.493	3	6	6	3	235	78.33333333333333	0	0	0
DrMauroNazif	Dr Mauro Nazif	DrMauroNazif	PSB	RR	1	-0.427	3	6	6	7	868	124	0	0	0
fernandogiacobo	Fernando Giacobo	fernandogiacobo	PL	PR	0	0.493	3	6	6	19	2670	140.52631578947367	10	2	0
joseharoldocathedral	Zé Haroldo Cathedral	joseharoldocathedral	PSD	RR	1	0.296	3	6	6	10	517	51.7	1	0	0
lucasvergiliogo	Lucas Vergilio	lucasvergiliogo	SOLIDARIEDADE	GO	0	0.19	3	6	6	4	355	88.75	1	0	0
SheridanRR	Shéridan	SheridanRR	PSDB	RR	1	0.157	3	6	6	35	7227	206.4857142857143	12	1	0
WalterAlves1511	Walter Pereira Alves	WalterAlves1511	MDB	RN	0	0.137	3	6	6	37	3872	104.64864864864865	4	0	0
dep.expeditonetto	Expedito Netto	dep.expeditonetto	PSD	RO	1	0.296	3	5	5	12	1078	89.83333333333333	4	0	0
Dep.Joeniawapichana	Joenia Wapichana	Dep.Joeniawapichana	REDE	RR	0	-0.555	3	5	5	183	56722	309.95628415300547	5	1	0
depandreabdon	André Abdon	depandreabdon	PP	AM	0	0.51	3	5	5	7	840	120	2	0	0
drhirangoncalves	Dr. Hiran Gonçalves	drhirangoncalves	PP	RR	0	0.51	3	5	5	25	8260	330.4	5	0	0
dep.ledasadala	Leda Sadala	dep.ledasadala	PP	AP	0	0.51	3	4	4	9	2015	223.88888888888889	1	1	0
drleonardomt	Dr. Leonardo	drleonardomt	REPUBLICANOS	MT	0	0.55	3	4	4	36	4829	134.13888888888889	5	1	0
FelipeCarrerasOficial	Felipe Carreras	FelipeCarrerasOficial	PSB	PE	0	-0.427	3	4	4	19	1240	65.26315789473684	4	1	0
felixjunior1234	Félix Mendonça Júnior	felixjunior1234	PDT	BA	0	-0.356	3	4	4	14	415	29.642857142857142	0	0	0
flaviamorais1212	Flávia Morais	flaviamorais1212	PDT	GO	0	-0.356	3	4	4	23	4366	189.82608695652175	3	0	0
Luizcarlosjr45	Luiz Carlos	Luizcarlosjr45	PSDB	AP	0	0.157	3	4	4	5	646	129.2	0	0	0
marcelonilodep	Deputado Marcelo Nilo	marcelonilodep	REPUBLICANOS	BA	0	0.55	3	4	4	15	737	49.13333333333333	3	0	0
mario.negromontejunior	Mário Negromonte Júnior	mario.negromontejunior	PP	BA	0	0.51	3	4	4	7	164	23.428571428571427	2	0	0
pauloazi	Paulo Azi	pauloazi	DEM	BA	0	0.431	3	4	4	10	722	72.2	0	0	0
RodrigoAgostinhoOficial	Rodrigo Agostinho	RodrigoAgostinhoOficial	PSB	SP	0	-0.427	3	4	4	16	7360	460	2	1	0
sebastiaooliveirape	Sebastião Oliveira	sebastiaooliveirape	AVANTE	PE	0	0.455	3	4	4	16	902	56.375	0	0	0
betorosado1111	Beto Rosado	betorosado1111	PP	RN	0	0.51	3	3	3	32	2678	83.6875	3	0	0
depfederaltiagodimas	depfederaltiagodimas	depfederaltiagodimas	NotAvailable	NotAvailable	0		3	3	3	0	0	0	0	0	0
deputadofederalacaciofavacho	Acácio Favacho	deputadofederalacaciofavacho	MDB	AM	0	0.137	3	3	3	8	720	90	0	0	0
deputadojosenunes	José Nunes	deputadojosenunes	PSD	BA	0	0.296	3	3	3	4	276	69	0	0	0
edilaziojunior	Edilazio Júnior	edilaziojunior	PSD	MA	0	0.296	3	3	3	23	3456	150.2608695652174	5	1	0
HerculanoPassos	Herculano Passos	HerculanoPassos	REPUBLICANOS	SP	0	0.55	3	3	3	6	741	123.5	3	0	0
hugomottapb	Hugo Motta	hugomottapb	REPUBLICANOS	PB	0	0.55	3	3	3	1	348	348	0	0	0
profdorinha	Professora Dorinha	profdorinha	DEM	TO	0	0.431	3	3	3	16	456	28.5	5	0	0
albuquerque.aj	AJ Albuquerque	albuquerque.aj	PP	CE	0	0.51	3	2	2	4	730	182.5	1	0	0
carlosbezerraoficial	Carlos Bezerra	carlosbezerraoficial	MDB	MT	0	0.137	3	2	2	6	396	66	2	0	0
deputadoigorkannario	Deputado federal Igor Kannário	deputadoigorkannario	DEM	BA	1	0.431	3	2	2	4	4403	1100.75	1	0	0
DeputadoTadeuAlencar	Tadeu Alencar	DeputadoTadeuAlencar	PSB	PE	0	-0.427	3	2	2	68	10666	156.85294117647058	7	5	0
elmarnascimento	Elmar Nascimento	elmarnascimento	DEM	BA	0	0.431	3	2	2	24	1789	74.54166666666667	1	0	0
fernandofilhope	Fernando Filho	fernandofilhope	DEM	PE	0	0.431	3	2	2	10	1331	133.1	3	0	0
FernandoRodolfoTV	Fernando Rodolfo	FernandoRodolfoTV	PL	PE	0	0.493	3	2	2	9	109445	12160.555555555555	0	0	0
gustavofruet	Gustavo Fruet	gustavofruet	PDT	PR	0	-0.356	3	2	2	42	6579	156.64285714285714	6	0	0
jaquelinecassoloficial	Jaqueline Cassol	jaquelinecassoloficial	PP	RO	1	0.51	3	2	2	30	5872	195.73333333333332	8	4	1
MagdaMofatto.Goias	Magda Mofatto	MagdaMofatto.Goias	PL	GO	1	0.493	3	2	2	19	14382	756.9473684210526	6	3	1
mottadoscomerciarios	Motta	mottadoscomerciarios	PL	SP	0	0.493	3	2	2	15	928	61.86666666666667	8	1	0
policialkatiasastre	Policial Katia Sastre	policialkatiasastre	PL	SP	1	0.493	3	2	2	100	25613	256.13	16	6	1
celiosilveiradeputadogo	Deputado Célio Silveira	celiosilveiradeputadogo	MDB	GO	1	0.137	3	1	1	12	1162	96.83333333333333	4	1	0
charlesfernandesoficial	Charles Fernandes	charlesfernandesoficial	PSD	BA	0	0.296	3	1	1	28	3596	128.42857142857142	4	0	0
depwellingtonroberto	Wellington Roberto	depwellingtonroberto	PL	PB	0	0.493	3	1	1	1	54	54	0	0	0
leomottafederal	Deputado Federal Leo Motta	leomottafederal	REPUBLICANOS	MG	1	0.55	3	1	1	18	23431	1301.7222222222222	5	2	0
LucasRedecker	Lucas Redecker	LucasRedecker	PSDB	RS	1	0.157	3	1	1	21	10807	514.6190476190476	4	1	0
luistibeoficial	Luis Tibé	luistibeoficial	AVANTE	MG	0	0.455	3	1	1	9	846	94	5	1	0
MarxBeltrao	Marx Beltrão	MarxBeltrao	PP	AL	1	0.51	3	1	1	14	5139	367.07142857142856	2	2	0
ProfessorAlcidesoficial	Professor Alcides	ProfessorAlcidesoficial	PL	GO	1	0.493	3	1	1	16	1445	90.3125	2	0	0
joicehasselmann	Joice Hasselmann	joicehasselmann	PSDB	SP	0	0.157	4	76	76	266	2806948	10552.436090225563	28	10	0
josemedeirosMT	José Medeiros	josemedeirosMT	PL	MT	1	0.493	4	70	70	422	2266600	5371.090047393365	114	86	1
biakicisoficial	Bia Kicis	biakicisoficial	PL	DF	1	0.493	4	67	67	808	16970824	21003.49504950495	381	277	1
DeputadoCarlosSampaio	Carlos Sampaio	DeputadoCarlosSampaio	PSDB	SP	0	0.157	4	64	64	35	114796	3279.885714285714	4	1	0
carolinerdetoni	Carol De Toni	carolinerdetoni	PL	SC	1	0.493	4	63	63	186	2208589	11874.13440860215	97	65	1
onelsonbarbudo	Nelson Barbudo	onelsonbarbudo	PL	MT	1	0.493	4	61	61	145	641175	4421.896551724138	66	50	1
oficialluizlima	Luiz Lima	oficialluizlima	PL	RJ	1	0.493	4	59	59	134	924374	6898.313432835821	34	28	1
carlosjordyoficial	Carlos Jordy	carlosjordyoficial	PL	RJ	1	0.493	4	55	55	619	7379201	11921.1647819063	198	142	1
filipebarrosoficial	Filipe Barros	filipebarrosoficial	PL	PR	1	0.493	4	52	52	1195	15937520	13336.836820083681	521	303	1
drasorayamanato	Dra. Soraya Manato	drasorayamanato	PTB	ES	1	0.455	4	51	51	132	233003	1765.1742424242425	58	43	1
coronel.armando	Coronel Armando	coronel.armando	PL	SC	1	0.493	4	47	47	258	235159	911.468992248062	99	83	1
ZambelliOficial	Carla Zambelli	ZambelliOficial	PL	SP	1	0.493	4	47	47	661	23963031	36252.69440242057	237	180	1
PauloEduardoOficial	Paulo Eduardo Martins	PauloEduardoOficial	PL	PR	1	0.493	4	41	41	583	4329713	7426.608919382505	107	49	1
rodrigocoelhooficial	Rodrigo Coelho	rodrigocoelhooficial	PODEMOS	SC	1		4	40	40	73	18169	248.8904109589041	12	8	1
delegado.waldir	Delegado Waldir	delegado.waldir	PSL	GO	0	0.803	4	38	38	52	114930	2210.1923076923076	1	0	0
RodrigoMaiaRJ	Rodrigo Maia	RodrigoMaiaRJ	PSDB	RJ	0	0.157	4	36	36	35	220473	6299.228571428572	10	8	0
generalgirao	General Girão Monteiro	generalgirao	PL	RN	1	0.493	4	33	33	240	381311	1588.7958333333333	91	74	1
alexmanente	Alex Manente	alexmanente	CIDADANIA	SP	0	-0.014	4	31	31	82	125591	1531.5975609756097	10	4	0
bolsonaro.enb	Eduardo Bolsonaro	bolsonaro.enb	PL	SP	1	0.493	4	31	31	303	7827910	25834.686468646865	92	69	1
DepCoronelChrisostomo	Deputado Coronel Chrisóstomo	DepCoronelChrisostomo	PL	RO	1	0.493	4	31	31	68	112288	1651.2941176470588	40	32	1
marcelvh	Marcel van Hattem	marcelvh	NOVO	RS	1	0.711	4	31	31	214	3306762	15452.158878504673	42	27	1
AleSilvaOficial	Alê Silva	AleSilvaOficial	REPUBLICANOS	MG	1	0.55	4	29	29	255	901907	3536.8901960784315	124	91	1
coroneltadeu	Coronel Tadeu	coroneltadeu	PL	SP	1	0.493	4	29	29	39	109245	2801.153846153846	14	9	1
depfelipefrancischini	Felipe Francischini	depfelipefrancischini	PSL	PR	1	0.803	4	29	29	17	63058	3709.294117647059	5	3	1
alinesleutjes	Aline Sleutjes	alinesleutjes	PROS	PR	1	0.19	4	26	26	77	276767	3594.3766233766232	31	24	1
DelegadoPablo	Delegado Pablo	DelegadoPablo	PSL	CE	1	0.803	4	21	21	73	19772	270.8493150684931	11	10	1
alexisfonteyne30	Alexis Fonteyne	alexisfonteyne30	NOVO	SP	1	0.711	4	20	20	64	54627	853.546875	10	7	1
SargentoFahur10	Sargento Fahur	SargentoFahur10	PSD	PR	1	0.296	4	20	20	58	689016	11879.586206896553	7	5	1
loestertrutisdep	Loester Trutis	loestertrutisdep	PL	MS	1	0.493	4	18	18	68	51524	757.7058823529412	17	15	1
cabojunioamaral	Cabo Junio Amaral	cabojunioamaral	PL	MG	1	0.493	4	15	15	81	142360	1757.530864197531	25	19	1
capitaoalbertoneto	Capitão Alberto Neto	capitaoalbertoneto	PL	AM	1	0.493	4	15	15	181	655238	3620.0994475138123	44	37	1
joaocarlosgurgel	Carlos Gurgel	joaocarlosgurgel	PL	RJ	1	0.493	4	15	15	152	233566	1536.6184210526317	34	20	1
oficialigortimo	Igor Timo	oficialigortimo	PODEMOS	MG	0		4	15	15	32	15250	476.5625	7	2	0
OtoniDeputadoFederal	Otoni de Paula	OtoniDeputadoFederal	MDB	RJ	1	0.137	4	15	15	138	1073795	7781.123188405797	37	29	1
bibonunes	Bibo Nunes	bibonunes	PL	RS	1	0.493	4	13	13	176	1397163	7938.426136363636	83	69	1
depdanielfreitas	Daniel Freitas	depdanielfreitas	PL	SC	1	0.493	4	13	13	88	32160	365.45454545454544	36	25	1
lpbragancabr	Luiz Philippe de Orleans e Bragança	lpbragancabr	PL	RJ	1	0.493	4	11	11	134	1400748	10453.34328358209	52	31	1
lucasvgonzalez	Lucas Gonzalez 3022	lucasvgonzalez	NOVO	MG	1	0.711	4	11	11	4	364	91	1	0	0
majorfabiana	Major Fabiana	majorfabiana	PL	RJ	1	0.493	4	11	11	63	78505	1246.111111111111	19	13	1
ViniciusPoit	Vinicius Poit	ViniciusPoit	NOVO	SP	0	0.711	4	11	11	107	152966	1429.588785046729	10	3	0
delegadofeliciolaterca	Delegado Felício Laterça	delegadofeliciolaterca	PP	RJ	1	0.51	4	10	10	62	9613	155.0483870967742	12	9	1
deputadopeninha	Rogério Peninha Mendonça	deputadopeninha	MDB	SC	1	0.137	4	10	10	40	50454	1261.35	5	3	1
guilhermederrite	Guilherme Derrite	guilhermederrite	PL	SP	1	0.493	4	10	10	76	331302	4359.236842105263	3	1	0
TiagoMitraud	Tiago Mitraud	TiagoMitraud	NOVO	MG	0	0.711	4	10	10	58	19963	344.1896551724138	8	4	0
joseneltooficial	José Nelto	joseneltooficial	PP	GO	0	0.51	4	9	9	77	7486	97.22077922077922	31	13	0
luismirandausa	Luis Miranda USA	luismirandausa	REPUBLICANOS	DF	0	0.55	4	9	9	37	315513	8527.378378378378	4	3	0
marceloalvaroantonio	Marcelo Álvaro Antônio	marceloalvaroantonio	PL	MG	0	0.493	4	9	9	45	29691	659.8	22	18	0
PastorMarcoFeliciano	Marco Feliciano	PastorMarcoFeliciano	PL	SP	1	0.493	4	8	8	186	1769641	9514.198924731183	46	37	1
vanderleimacris	Deputado Vanderlei Macris	vanderleimacris	PSDB	SP	0	0.157	4	8	8	22	17618	800.8181818181819	3	0	0
enricogmisasi	Enrico Misasi	enricogmisasi	MDB	SP	1	0.137	4	7	7	15	5351	356.73333333333335	5	0	0
paulabelmonteoficial	Paula Belmonte	paulabelmonteoficial	CIDADANIA	DF	1	-0.014	4	7	7	54	137650	2549.074074074074	9	6	1
adriventurasp	Adriana Ventura	adriventurasp	NOVO	SP	0	0.711	4	6	6	71	13316	187.54929577464787	4	1	0
pauloganime	Paulo Ganime	pauloganime	NOVO	RJ	1	0.711	4	6	6	89	35714	401.2808988764045	19	9	1
deputadolincolnportela	Deputado Federal Lincoln Portela	deputadolincolnportela	PL	MG	1	0.493	4	5	5	13	74326	5717.384615384615	10	7	1
DeputadoPedroLupion	Pedro Lupion	DeputadoPedroLupion	PP	PR	1	0.51	4	5	5	39	4241	108.74358974358974	12	11	1
DeputadoVitorHugo	Major Vitor Hugo	DeputadoVitorHugo	PL	GO	1	0.493	4	5	5	195	171946	881.774358974359	87	70	1
rigonifelipe	Felipe Rigoni	rigonifelipe	PSL	ES	0	0.803	4	5	5	43	8686	202	11	0	0
CarlosChiodini	Carlos Chiodini	CarlosChiodini	MDB	SC	1	0.137	4	4	4	10	1928	192.8	2	1	0
DelegadoAntonioFurtado	Delegado Antonio Furtado	DelegadoAntonioFurtado	PSL	RJ	1	0.803	4	4	4	40	8328	208.2	14	9	1
deputadopastoreurico	Deputado Federal Pastor Eurico	deputadopastoreurico	PL	PE	1	0.493	4	4	4	4	651	162.75	1	1	0
Dr.JazielPereira	Dr. Jaziel Pereira	Dr.JazielPereira	PL	CE	1	0.493	4	4	4	23	3979	173	9	8	1
EduardoCuryOficial	Eduardo Cury	EduardoCuryOficial	PSDB	SP	0	0.157	4	4	4	13	5368	412.9230769230769	2	0	0
gilson.marques.novo	Gilson Marques	gilson.marques.novo	NOVO	SC	1	0.711	4	4	4	40	31631	790.775	6	3	1
sostenescavalcante	Sóstenes Cavalcante	sostenescavalcante	PL	RJ	1	0.493	4	4	4	111	247440	2229.189189189189	23	17	1
viniciuscarvalhooficial	Vinicius Carvalho	viniciuscarvalhooficial	REPUBLICANOS	SP	0	0.55	4	4	4	40	4541	113.525	6	2	0
AngelaAmin11	Angela Amin	AngelaAmin11	PP	SC	0	0.51	4	3	3	19	7325	385.5263157894737	7	5	0
capitaoaugustooficial	Capitão Augusto	capitaoaugustooficial	PL	SP	1	0.493	4	3	3	119	267861	2250.9327731092435	21	8	1
ChristianeYared	Christiane Yared	ChristianeYared	PP	PR	1	0.51	4	3	3	16	6853	428.3125	1	1	0
depluizantonio	Luiz Antônio Corrêa	depluizantonio	PP	RJ	0	0.51	4	3	3	11	2259	205.36363636363637	0	0	0
DeputadoOsmarTerra	Osmar Terra	DeputadoOsmarTerra	MDB	RS	1	0.137	4	3	3	6	13709	2284.8333333333335	3	2	0
deputadovermelho	Vermelho Deputado Federal	deputadovermelho	PL	PR	1	0.493	4	3	3	13	2341	180.07692307692307	6	5	1
generalpeternelli	General Peternelli	generalpeternelli	PSL	SP	1	0.803	4	3	3	14	6418	458.42857142857144	2	0	0
joaobacelaroficial	joaobacelaroficial	joaobacelaroficial	NotAvailable	NotAvailable	0		4	3	3	0	0	0	0	0	0
joaoromaneto	João Roma	joaoromaneto	REPUBLICANOS	BA	0	0.55	4	3	3	20	5293	264.65	0	0	0
Depdarcidematos	Darci de Matos	Depdarcidematos	PSD	SC	1	0.296	4	2	2	18	6010	333.8888888888889	7	6	1
depheliolopes	Helio Lopes	depheliolopes	PSL	RJ	1	0.803	4	2	2	79	245229	3104.1645569620255	20	16	1
fabiofaria.br	Fábio Faria	fabiofaria.br	PSD	RN	0	0.296	4	2	2	21	3606	171.71428571428572	5	0	0
alexandreserfiotis	Alexandre Serfiotis	alexandreserfiotis	PSD	RJ	0	0.296	4	1	1	3	736	245.33333333333334	0	0	0
aluisiomendesma	Aluisio Mendes	aluisiomendesma	REPUBLICANOS	MA	1	0.55	4	1	1	37	3464	93.62162162162163	8	5	1
Bivaroficial	Luciano Bivar	Bivaroficial	PSL	PE	0	0.803	4	1	1	2	275	137.5	1	0	0
DeputadaNormaAyub	Norma Ayub	DeputadaNormaAyub	PP	ES	1	0.51	4	1	1	10	4139	413.9	2	2	0
deputadosanderson	Deputado Sanderson	deputadosanderson	PL	RS	1	0.493	4	1	1	171	122243	714.8713450292398	39	24	1
emanuelpinheiromt	Emanuel Pinheiro	emanuelpinheiromt	MDB	MT	1	0.137	4	1	1	25	18623	744.92	1	0	0
EuclydesPettersenOficial	Euclydes Pettersen	EuclydesPettersenOficial	PSC	MG	1	0.596	4	1	1	23	2844	123.65217391304348	4	2	0
PauloTeixeira13	Paulo Teixeira	PauloTeixeira13	PT	SP	0	-0.691	5	103	103	385	592806	1539.7558441558442	64	45	0
TulioGadelhaOficial	Túlio Gadêlha	TulioGadelhaOficial	REDE	PE	0	-0.555	5	102	102	101	162921	1613.079207920792	24	15	0
depjorgesolla	Jorge Solla	depjorgesolla	PT	BA	0	-0.691	5	100	100	210	228842	1089.7238095238095	17	13	0
deputadorogeriocorreia	Rogério Correia	deputadorogeriocorreia	PT	MG	0	-0.691	5	95	95	509	1413043	2776.115913555992	57	47	0
JandiraFeghaliOficial	Jandira Feghali	JandiraFeghaliOficial	PCDOB	RJ	0	-0.822	5	94	94	328	1989131	6064.423780487805	60	32	0
deputadohenriquefontana	Henrique Fontana	deputadohenriquefontana	PT	RS	0	-0.691	5	93	93	483	1204857	2494.527950310559	74	50	0
carlosveraspt	Carlos Veras	carlosveraspt	PT	PE	0	-0.691	5	90	90	255	31401	123.14117647058823	32	19	0
DeputadaMariaDoRosario	Maria do Rosário	DeputadaMariaDoRosario	PT	SP	0	-0.691	5	90	90	457	795857	1741.4814004376367	32	15	0
gleisi.hoffmann	Gleisi Hoffmann	gleisi.hoffmann	PT	PR	0	-0.691	5	90	90	727	4591675	6315.921595598349	87	58	0
PedroUczai	Pedro Uczai	PedroUczai	PT	SC	0	-0.691	5	90	90	264	139596	528.7727272727273	31	19	0
afonsoflorence13	Afonso Florence	afonsoflorence13	PT	BA	0	-0.691	5	88	88	102	11026	108.09803921568627	10	6	0
IvanValentePSOL	Ivan Valente	IvanValentePSOL	PSOL	SP	0	-0.874	5	88	88	557	1082318	1943.120287253142	84	68	0
ErikaKokay	Erika Kokay	ErikaKokay	PT	DF	0	-0.691	5	87	87	236	459869	1948.5974576271187	45	29	0
niltotattosp	Nilto Tatto	niltotattosp	PT	SP	0	-0.691	5	84	84	325	44949	138.30461538461537	22	15	0
wolneyqueirozpe	Wolney Queiroz	wolneyqueirozpe	PDT	PE	0	-0.356	5	84	84	74	36326	490.8918918918919	9	3	0
airtonfaleiropt	Airton Faleiro	airtonfaleiropt	PT	PA	0	-0.691	5	83	83	221	17475	79.07239819004525	22	14	0
guimaraes13pt	José Guimarães	guimaraes13pt	PT	CE	0	-0.691	5	83	83	402	852986	2121.855721393035	51	25	0
pauloguedesmg	Deputado Paulo Guedes	pauloguedesmg	PT	MG	0	-0.691	5	80	80	55	39787	723.4	9	2	0
DeputadoBetoFaro	Beto Faro	DeputadoBetoFaro	PT	PA	0	-0.691	5	77	77	85	10756	126.54117647058824	8	1	0
dep.zarattini	Carlos Zarattini	dep.zarattini	PT	SP	0	-0.691	5	76	76	213	304521	1429.6760563380283	39	31	0
deputadomarcon	Deputado Marcon	deputadomarcon	PT	RS	0	-0.691	5	75	75	211	97549	462.3175355450237	22	10	0
deputadowaldenorpereira	Waldenor Pereira	deputadowaldenorpereira	PT	BA	0	-0.691	5	75	75	140	16836	120.25714285714285	11	7	0
samia.bomfim.psol	Sâmia Bomfim	samia.bomfim.psol	PSOL	SP	0	-0.874	5	75	75	456	1341353	2941.563596491228	28	20	0
rubensotoni	Rubens Otoni	rubensotoni	PT	GO	0	-0.691	5	74	74	104	11206	107.75	36	12	0
jfmargarida	Margarida Salomão	jfmargarida	PT	MG	0	-0.691	5	73	73	211	144295	683.8625592417062	6	2	0
depleomonteiro	Leonardo Monteiro	depleomonteiro	PT	MG	0	-0.691	5	72	72	128	33776	263.875	14	3	0
fernandapsol	Fernanda Melchionna	fernandapsol	PSOL	RS	0	-0.874	5	72	72	848	1116268	1316.3537735849056	85	65	0
helder.salomao.1350	Helder Salomão	helder.salomao.1350	PT	ES	0	-0.691	5	71	71	243	112709	463.8230452674897	27	16	0
AlencarBraga13	Alencar Santana	AlencarBraga13	PT	SP	0	-0.691	5	70	70	337	232681	690.4480712166172	46	26	0
davidmirandario12	David Miranda	davidmirandario12	PDT	RJ	0	-0.356	5	70	70	294	924416	3144.2721088435374	40	30	0
depchinaglia	Arlindo Chinaglia	depchinaglia	PT	SP	0	-0.691	5	70	70	281	66192	235.55871886120997	77	62	0
bohngass13	Elvino Bohn Gass	bohngass13	PT	RS	0	-0.691	5	66	66	212	300966	1419.6509433962265	41	23	0
MolonRJ	Alessandro Molon	MolonRJ	PSB	RJ	0	-0.427	5	65	65	212	651580	3073.490566037736	41	30	0
rfalcao13	Rui Falcão	rfalcao13	PT	SP	0	-0.691	5	65	65	166	181994	1096.3493975903614	19	14	0
nataliabonavides	Natália Bonavides	nataliabonavides	PT	RN	0	-0.691	5	64	64	319	97569	305.858934169279	18	11	0
freixo.marcelo	Marcelo Freixo	freixo.marcelo	PSB	RJ	0	-0.427	5	57	57	313	1910436	6103.629392971246	79	50	0
deputadaaliceportugal	Alice Portugal	deputadaaliceportugal	PCDOB	BA	0	-0.822	5	56	56	473	173284	366.35095137420717	44	33	0
freianastaciopt	Frei Anastacio Ribeiro	freianastaciopt	PT	PB	0	-0.691	5	56	56	184	7689	41.78804347826087	15	6	0
LidicedaMata	Lídice da Mata	LidicedaMata	PSB	BA	0	-0.427	5	56	56	120	12269	102.24166666666666	28	9	0
glauber.braga1	Glauber Braga	glauber.braga1	PSOL	RJ	0	-0.874	5	55	55	266	777170	2921.691729323308	8	5	0
odaircunhamg	Odair Cunha	odaircunhamg	PT	MG	0	-0.691	5	55	55	151	49883	330.35099337748346	10	5	0
padilhando	Alexandre Padilha	padilhando	PT	SP	0	-0.691	5	55	55	252	170826	677.8809523809524	11	7	0
josiasgomespt	Josias Gomes	josiasgomespt	PT	BA	0	-0.691	5	54	54	217	3870	17.83410138248848	12	9	0
depdanielalmeida	Daniel Almeida	depdanielalmeida	PCDOB	BA	0	-0.822	5	52	52	115	11770	102.34782608695652	22	6	0
deputadofederalzecadirceu	Zeca Dirceu	deputadofederalzecadirceu	PT	PR	0	-0.691	5	52	52	270	320432	1186.7851851851851	33	10	0
reginaldolopesmg	Reginaldo Lopes	reginaldolopesmg	PT	MG	0	-0.691	5	51	51	183	83560	456.6120218579235	22	12	0
blogdabenedita	Benedita da Silva	blogdabenedita	PT	RJ	0	-0.691	5	50	50	266	210863	792.718045112782	34	15	0
patrusananias13	Patrus Ananias	patrusananias13	PT	MG	0	-0.691	5	50	50	234	60844	260.017094017094	9	5	0
chicodangelo	Chico D'Angelo	chicodangelo	PDT	RJ	0	-0.356	5	49	49	98	26588	271.3061224489796	12	6	0
orlandosilvasp	Orlando Silva	orlandosilvasp	PCDOB	SP	0	-0.822	5	47	47	247	65553	265.39676113360326	46	30	0
assiscarvalho.pt	Assis Carvalho	assiscarvalho.pt	PT	PI	0	-0.691	5	45	45	42	10790	256.9047619047619	1	0	0
luizaerundina	Luiza Erundina	luizaerundina	PSOL	SP	0	-0.874	5	42	42	307	390519	1272.0488599348535	30	21	0
ProfessoraRosaNeide	Professora Rosa Neide	ProfessoraRosaNeide	PT	MT	0	-0.691	5	42	42	288	85879	298.19097222222223	31	16	0
paulaodopt	Paulão	paulaodopt	PT	AL	0	-0.691	5	41	41	102	6311	61.872549019607845	14	10	0
DeputadoFederalVicentinho	Deputado Federal Vicentinho	DeputadoFederalVicentinho	PT	SP	0	-0.691	5	40	40	114	34364	301.43859649122805	21	15	0
camilocapiberibe	Camilo Capiberibe	camilocapiberibe	PSB	AM	0	-0.427	5	36	36	292	35489	121.53767123287672	41	21	0
renildovcalheiros	Renildo Calheiros	renildovcalheiros	PCDOB	PE	0	-0.822	5	36	36	59	2726	46.20338983050848	13	8	0
marciojerry	Márcio Jerry	marciojerry	PCDOB	MA	0	-0.822	5	35	35	167	12226	73.20958083832335	15	4	0
taliriapetronepsol	Talíria Petrone	taliriapetronepsol	PSOL	RJ	0	-0.874	5	34	34	319	150441	471.60188087774293	38	25	0
luiziannelinsPT	Luizianne Lins	luiziannelinsPT	PT	CE	0	-0.691	5	32	32	103	55014	534.1165048543689	12	5	0
deputadojoaodaniel	Deputado João Daniel	deputadojoaodaniel	PT	SE	0	-0.691	5	30	30	720	25836	35.88333333333333	14	8	0
depzeneto	Zé Neto	depzeneto	PT	BA	0	-0.691	5	30	30	146	29613	202.82876712328766	9	4	0
padrejoao	Padre João	padrejoao	PT	SP	0	-0.691	5	30	30	219	130447	595.648401826484	35	17	0
pimenta13br	Paulo Pimenta	pimenta13br	PT	RS	0	-0.691	5	30	30	624	2048517	3282.8798076923076	88	57	0
nelsonpelegrino	Nelson Pelegrino	nelsonpelegrino	PT	BA	0	-0.691	5	28	28	33	12159	368.45454545454544	0	0	0
depvalmir	Valmir Assunção Lula da Silva	depvalmir	PT	BA	0	-0.691	5	27	27	99	4779	48.27272727272727	8	3	0
perpetuaalmeida.acre	Perpétua Almeida	perpetuaalmeida.acre	PCDOB	AC	0	-0.822	5	26	26	56	10092	180.21428571428572	18	7	0
alexandrefrotaoficial77	Alexandre Frota	alexandrefrotaoficial77	PROS	SP	0	0.19	5	23	23	79	39300	497.46835443037975	14	12	0
CelioMouraTO	Célio Moura	CelioMouraTO	PT	TO	0	-0.691	5	23	23	112	16919	151.0625	9	3	0
pompeodemattospdt	Pompeo de Mattos	pompeodemattospdt	PDT	RS	1	-0.356	5	23	23	109	75659	694.1192660550458	20	13	1
arraes	Marília Arraes	arraes	SOLIDARIEDADE	PE	0	0.19	5	22	22	127	150289	1183.3779527559054	13	7	0
pauloramosrio	Deputado Paulo Ramos	pauloramosrio	PDT	RJ	0	-0.356	5	19	19	86	6213	72.24418604651163	14	8	0
aureacarolina	Áurea Carolina	aureacarolina	PSOL	MG	0	-0.874	5	17	17	332	85522	257.59638554216866	14	7	0
deputadovander	Vander Loubet	deputadovander	PT	MS	0	-0.691	5	16	16	67	5541	82.70149253731343	11	1	0
calero.rio	Marcelo Calero	calero.rio	PSD	RJ	0	0.296	5	13	13	48	21745	453.0208333333333	8	4	0
enioverri	Enio Verri	enioverri	PT	PR	0	-0.691	5	11	11	50	42171	843.42	6	2	0
jean.wyllys	Jean Wyllys	jean.wyllys	PSOL	BA	0	-0.874	5	11	11	20	69304	3465.2	0	0	0
luiz.caetanoBA	Luiz Caetano	luiz.caetanoBA	PT	BA	0	-0.691	5	11	11	8	1242	155.25	1	0	0
DepZeCarlosPT	Deputado Zé Carlos	DepZeCarlosPT	PT	MA	0	-0.691	5	8	8	37	1460	39.45945945945946	2	1	0
nerigelleroficial	Neri Geller	nerigelleroficial	PP	MT	1	0.51	5	8	8	16	805	50.3125	2	0	0
ottoalencaroficial	Otto Alencar	ottoalencaroficial	PSD	BA	0	0.296	5	8	8	41	14494	353.5121951219512	3	1	0
VilsondaFetaemg	Vilson da Fetaemg	VilsondaFetaemg	PSB	MG	0	-0.427	5	8	8	5	1912	382.4	0	0	0
PoliticoEliasVaz	Elias Vaz	PoliticoEliasVaz	PSB	GO	0	-0.427	5	2	2	182	98658	542.0769230769231	10	7	0
charlles.evangelista	Charlles Evangelista	charlles.evangelista	PP	MG	1	0.51	5	1	1	87	31158	358.13793103448273	11	2	0
heitorschuchoficial	Heitor Schuch	heitorschuchoficial	PSB	RS	1	-0.427	5	1	1	26	5725	220.19230769230768	7	0	0
pastorisidoriofilho	Pastor Isidório Filho	pastorisidoriofilho	AVANTE	BA	0	0.455	5	1	1	5	377	75.4	1	0	0
profisrael	Professor Israel	profisrael	PSB	DF	0	-0.427	5	1	1	114	23388	205.1578947368421	21	19	0
rodrigocastroMG	Deputado Federal Rodrigo de Castro	rodrigocastroMG	PSDB	MG	0	0.157	5	1	1	9	1169	129.88888888888889	0	0	0
Joseairtoncirilo	José Airton Cirilo	Joseairtoncirilo	PT	CE	0	-0.691	6	90	90	99	7370	74.44444444444444	14	5	0
DeputadoAndreFigueiredo	André Figueiredo	DeputadoAndreFigueiredo	PDT	CE	0	-0.356	6	39	39	93	42819	460.4193548387097	5	3	0
gervasiomaiapb	Gervásio Maia	gervasiomaiapb	PSB	PB	0	-0.427	6	24	24	35	7393	211.22857142857143	3	2	0
AlexandreLeite.SP	Alexandre Leite	AlexandreLeite.SP	DEM	SP	0	0.431	6	12	12	22	3262	148.27272727272728	4	1	0
drdamiao	Dr. Damião	drdamiao	PDT	PB	0	-0.356	6	12	12	3	84	28	1	0	0
alanrickoficial	Alan Rick	alanrickoficial	DEM	AC	1	0.431	6	11	11	27	6254	231.62962962962962	7	2	0
capitaowagnersousa	Capitão Wagner	capitaowagnersousa	PROS	CE	1	0.19	6	9	9	60	201951	3365.85	14	5	1
altineucortesrj	Altineu Côrtes	altineucortesrj	PL	RJ	0	0.493	6	8	8	9	1770	196.66666666666666	5	1	0
celio.studart	Célio Studart	celio.studart	PSD	CE	0	0.296	6	8	8	15	39178	2611.866666666667	2	0	0
Drdenisbezerra	Denis Bezerra	Drdenisbezerra	PSB	CE	0	-0.427	6	8	8	31	4432	142.96774193548387	7	4	0
eduardobismarckce	Eduardo Bismarck	eduardobismarckce	PDT	CE	0	-0.356	6	8	8	55	4609	83.8	13	3	0
dep.jessicasales	Jéssica Sales	dep.jessicasales	MDB	AC	1	0.137	6	7	7	5	968	193.6	1	1	0
deputadoJesusSergio12	Deputado Jesus Sérgio	deputadoJesusSergio12	PDT	AC	1	-0.356	6	7	7	8	242	30.25	1	0	0
fabiogov55	Fábio Mitidieri	fabiogov55	PSD	SE	0	0.296	6	7	7	42	3449	82.11904761904762	1	0	0
margaretecoelho.castro	Margarete Coelho	margaretecoelho.castro	PP	PI	0	0.51	6	7	7	61	1503	24.639344262295083	32	1	0
canzianiluisa	Luísa Canziani	canzianiluisa	PSD	PR	0	0.296	6	6	6	6	630	105	1	0	0
ValdevanNoventaOficial	Valdevan Noventa	ValdevanNoventaOficial	PL	SE	0	0.493	6	6	6	4	860	215	2	0	0
arthurliradeputadofederal	Deputado Federal Arthur Lira	arthurliradeputadofederal	PP	AL	0	0.51	6	5	5	20	16965	848.25	9	0	0
DomingosNetoCeara	Domingos Neto	DomingosNetoCeara	PSD	CE	0	0.296	6	5	5	6	334	55.666666666666664	2	0	0
efraimfilho	Efraim Filho	efraimfilho	DEM	PB	0	0.431	6	5	5	15	1422	94.8	1	0	0
flavionogueirapi	Flávio Nogueira	flavionogueirapi	PT	PI	0	-0.691	6	5	5	11	550	50	2	0	0
juniormanodep	Junior Mano	juniormanodep	PL	CE	0	0.493	6	5	5	3	2138	712.6666666666666	0	0	0
oficialraimundocosta	Raimundo Costa	oficialraimundocosta	PODEMOS	BA	0		6	5	5	15	1171	78.06666666666666	0	0	0
BoscoSaraivaAM	Bosco Saraiva	BoscoSaraivaAM	SOLIDARIEDADE	AM	0	0.19	6	4	4	14	1004	71.71428571428571	1	0	0
danielacarneirooficial	Daniela Carneiro	danielacarneirooficial	MDB	RJ	0	0.137	6	4	4	19	16450	865.7894736842105	3	0	0
fabiohenriquese	Fábio Henrique	fabiohenriquese	PDT	SE	0	-0.356	6	4	4	37	3363	90.89189189189189	4	0	0
idilvanoficial	Idilvan	idilvanoficial	PDT	CE	0	-0.356	6	4	4	33	23027	697.7878787878788	0	0	0
iracemaportella	Iracema Portella	iracemaportella	PP	PI	1	0.51	6	4	4	28	9464	338	1	0	0
ruycarneiropb	Ruy Carneiro	ruycarneiropb	PSC	PB	1	0.596	6	4	4	10	1264	126.4	4	1	0
boscocostase	Bosco Costa	boscocostase	PL	SE	0	0.493	6	3	3	7	195	27.857142857142858	0	0	0
dagobertonogueirams	Dagoberto Nogueira	dagobertonogueirams	PSDB	MS	0	0.157	6	3	3	57	10091	177.03508771929825	8	4	0
DepMauricioRS	Deputado Maurício Dziedricki	DepMauricioRS	PODEMOS	RS	1		6	3	3	15	4848	323.2	1	1	0
deputadocajado	Cláudio Cajado	deputadocajado	PP	BA	1	0.51	6	3	3	20	1456	72.8	6	1	0
ednahenriqueoficial	Edna Henrique	ednahenriqueoficial	REPUBLICANOS	PB	1	0.55	6	3	3	15	1667	111.13333333333334	2	2	0
flavianomelooficial	Flaviano Melo	flavianomelooficial	MDB	AC	0	0.137	6	3	3	6	523	87.16666666666667	1	0	0
jhc	JHC	jhc	PSB	AL	0	-0.427	6	3	3	23	16215	705	0	0	0
julianlemospb	Julian Lemos	julianlemospb	PSL	PB	1	0.803	6	3	3	33	5155	156.21212121212122	1	1	0
kimkataguiri	Kim Kataguiri	kimkataguiri	DEM	SP	0	0.431	6	3	3	445	2182899	4905.391011235955	37	23	0
leonidascristinooficial	Leônidas Cristino	leonidascristinooficial	PDT	CE	0	-0.356	6	3	3	32	2692	84.125	8	2	0
RicardoBarrosOficial	Ricardo Barros	RicardoBarrosOficial	PP	PR	1	0.51	6	3	3	12	3179	264.9166666666667	5	1	0
RobertoPessoaOficial	Roberto Pessoa	RobertoPessoaOficial	PSDB	SP	0	0.157	6	3	3	11	2032	184.72727272727272	1	0	0
RonaldoCarlettoOficial	Ronaldo Carletto	RonaldoCarlettoOficial	PP	BA	0	0.51	6	3	3	19	436	22.94736842105263	2	0	0
soumararocha	Mara Rocha	soumararocha	MDB	AC	1	0.137	6	3	3	67	21146	315.6119402985075	17	8	1
depaguinaldoribeiro	Aguinaldo Ribeiro	depaguinaldoribeiro	PP	PB	0	0.51	6	2	2	32	994	31.0625	2	0	0
deputadoricardoteobaldo	Ricardo Teobaldo	deputadoricardoteobaldo	PODEMOS	PE	1		6	2	2	9	791	87.88888888888889	2	0	0
FredCostaDeputado	Fred Costa	FredCostaDeputado	PATRIOTA	MG	1	0.455	6	2	2	15	30240	2016	0	0	0
geovaniadesaa	Geovania de Sá	geovaniadesaa	PSDB	SC	1	0.157	6	2	2	13	4733	364.0769230769231	3	1	0
rejaneribeiro.dias	Rejane Dias	rejaneribeiro.dias	PT	PI	0	-0.691	6	2	2	5	3634	726.8	1	0	0
deputadoricardoizar	Deputado Federal Ricardo Izar	deputadoricardoizar	REPUBLICANOS	SP	1	0.55	6	1	1	5	1755	351	0	0	0
DeputadoToninho	Deputado Toninho Wandscheer	DeputadoToninho	PP	PR	1	0.51	6	1	1	30	3550	118.33333333333333	12	2	0
dravandamilani.ac	dravandamilani.ac	dravandamilani.ac	NotAvailable	NotAvailable	0		6	1	1	0	0	0	0	0	0
marcosaureliosampaio	Marcos Aurélio Sampaio	marcosaureliosampaio	PSDB	PI	0	0.157	6	1	1	14	376	26.857142857142858	0	0	0
senadorlaerciooliveira	Laércio Oliveira	senadorlaerciooliveira	PP	SE	1	0.51	6	1	1	31	3736	120.51612903225806	5	5	1
severinolpessoaal	Severino Pessoa	severinolpessoaal	MDB	AL	1	0.137	6	1	1	3	31	10.333333333333334	3	0	0
alcidesrodriguesoficial	Alcides Rodrigues	alcidesrodriguesoficial	PATRIOTA	GO	0	0.455	7	0	0	16	2019	126.1875	2	0	0
alielmachado	Aliel Machado	alielmachado	PV	PR	0	-0.069	8	0	0	22	15594	708.8181818181819	7	1	0
amaronetotv	Amaro Neto	amaronetotv	REPUBLICANOS	ES	1	0.55	9	0	0	5	348	69.6	0	0	0
amigoneyleprevost	Ney Leprevost	amigoneyleprevost	PSD	PR	0	0.296	10	1	1	57	13695	240.26315789473685	11	1	0
depsandroalex	Sandro Alex	depsandroalex	PSD	SP	0	0.296	10	1	1	2	718	359	0	0	0
joaquimpassarinhooficial	Joaquim Passarinho	joaquimpassarinhooficial	PL	PS	1	0.493	11	13	13	16	4407	275.4375	7	3	1
doutorluizinho	Dr. Luizinho	doutorluizinho	PP	RJ	0	0.51	11	10	10	9	5121	569	0	0	0
helioleitepa	Helio Leite	helioleitepa	DEM	NotAvailable	1	0.431	11	10	10	4	459	114.75	1	0	0
CelinaLeaoDf	Celina Leão	CelinaLeaoDf	PP	DF	1	0.51	11	9	9	41	4301	104.90243902439025	4	0	0
elcionebarbalh0	Elcione Barbalho	elcionebarbalh0	MDB	PA	0	0.137	11	9	9	40	4798	119.95	12	0	0
fabioschiochetoficial	Fabio Schiochet	fabioschiochetoficial	PSL	SC	1	0.803	11	9	9	7	830	118.57142857142857	2	2	0
gilbertoabramo	Gilberto Abramo	gilbertoabramo	REPUBLICANOS	MG	1	0.55	11	9	9	15	675	45	7	0	0
Ossesio.Silva	Ossesio Silva	Ossesio.Silva	REPUBLICANOS	PE	1	0.55	11	9	9	38	4008	105.47368421052632	11	1	0
deputadarosangelagomes	Rosangela Gomes	deputadarosangelagomes	REPUBLICANOS	RJ	1	0.55	11	8	8	46	5573	121.15217391304348	14	1	0
deputadohildorocha	Hildo Rocha	deputadohildorocha	MDB	MA	0	0.137	11	8	8	17	1072	63.05882352941177	2	2	0
deputadopaulofreire	Deputado Paulo Freire Costa	deputadopaulofreire	PL	SP	0	0.493	11	8	8	1	2016	2016	0	0	0
RobertoAlvesRepublicanos	Roberto Alves Republicanos	RobertoAlvesRepublicanos	REPUBLICANOS	SP	1	0.55	11	8	8	33	4093	124.03030303030303	5	1	0
depgilcutrim	Gil Cutrim	depgilcutrim	REPUBLICANOS	MA	0	0.55	11	7	7	32	1233	38.53125	5	0	0
jorgebrazoficial	Jorge Braz	jorgebrazoficial	REPUBLICANOS	RJ	1	0.55	11	7	7	28	4399	157.10714285714286	12	6	1
miltonvieiraoficial	Milton Vieira	miltonvieiraoficial	REPUBLICANOS	SP	0	0.55	11	7	7	18	113494	6305.222222222223	5	3	0
carlosgomesdep	Carlos Gomes	carlosgomesdep	REPUBLICANOS	RS	1	0.55	11	6	6	41	8830	215.3658536585366	11	1	0
DepJuscelinoFilho	Juscelino Filho	DepJuscelinoFilho	DEM	SP	0	0.431	11	6	6	28	1869	66.75	3	0	0
depmarrecafilho	Marreca Filho	depmarrecafilho	PATRIOTA	MA	0	0.455	11	6	6	8	153	19.125	0	0	0
deputadolourivalgomes	Lourival Gomes	deputadolourivalgomes	NOVO	RJ	1	0.711	11	6	6	23	3060	133.04347826086956	9	5	1
erosbiondini	Eros Biondini	erosbiondini	PL	MG	1	0.493	11	6	6	23	96937	4214.652173913043	3	3	1
marcospereira1010	Marcos Pereira 1010	marcospereira1010	REPUBLICANOS	SP	1	0.55	11	6	6	40	21079	526.975	10	1	0
aroldomartinsoficial	Aroldo Martins	aroldomartinsoficial	REPUBLICANOS	PR	1	0.55	11	5	5	40	5095	127.375	13	8	1
depjuliocesarribeiro	Julio Cesar Ribeiro	depjuliocesarribeiro	REPUBLICANOS	DF	1	0.55	11	5	5	48	5994	124.875	13	7	1
farah.vinicius	Vinicius Farah	farah.vinicius	MDB	RJ	0	0.137	11	5	5	12	1523	126.91666666666667	3	0	0
jrbozzella	Júnior Bozzella	jrbozzella	PSL	SP	0	0.803	11	5	5	35	19972	570.6285714285714	2	2	0
OsiresDamaso	Osires Damaso	OsiresDamaso	PSC	TO	1	0.596	11	5	5	13	400	30.76923076923077	4	1	0
ChrisTonietto	Chris Tonietto	ChrisTonietto	PL	RJ	1	0.493	11	4	4	156	174154	1116.371794871795	21	17	1
diegogarciapr	Diego Garcia	diegogarciapr	REPUBLICANOS	PR	1	0.55	11	4	4	119	151679	1274.6134453781513	31	16	1
juninhodopneu01	Juninho Do Pneu	juninhodopneu01	DEM	RJ	0	0.431	11	4	4	22	4969	225.86363636363637	4	0	0
juniorferrarideputado	Júnior Ferrari	juniorferrarideputado	PSD	PA	1	0.296	11	4	4	12	3696	308	3	1	0
olivalmarquesoficial	Deputado Olival Marques	olivalmarquesoficial	MDB	PA	1	0.137	11	4	4	2	536	268	1	1	0
delegadomarcelofreitas	Delegado Marcelo Freitas	delegadomarcelofreitas	PSL	MG	1	0.803	11	3	3	63	12770	202.6984126984127	6	3	1
dep.eduardocosta	Eduardo Costa	dep.eduardocosta	PODEMOS	PA	1		11	3	3	14	2358	168.42857142857142	3	0	0
dep.lucena	Roberto de Lucena	dep.lucena	REPUBLICANOS	SP	0	0.55	11	3	3	29	31645	1091.2068965517242	5	5	0
deputadodavitoria	Da Vitoria	deputadodavitoria	PP	ES	1	0.51	11	3	3	22	1187	53.95454545454545	2	0	0
deputadofederaleduardobarbosa	Eduardo Barbosa	deputadofederaleduardobarbosa	PSDB	MG	0	0.157	11	3	3	9	691	76.77777777777777	0	0	0
flordelisCantora	Flordelis	flordelisCantora	PSD	RJ	0	0.296	11	3	3	6	3202	533.6666666666666	0	0	0
hugolealdeputadofederal	Hugo Leal	hugolealdeputadofederal	PSD	RJ	1	0.296	11	3	3	35	3333	95.22857142857143	6	0	0
pedrowestphalen11	Pedro Westphalen	pedrowestphalen11	PP	RS	0	0.51	11	3	3	13	4848	372.9230769230769	1	1	0
rubenspereirajrs	Rubens Jr	rubenspereirajrs	PT	MA	0	-0.691	11	3	3	38	7310	192.3684210526316	9	4	0
vitorlippi	Vitor Lippi	vitorlippi	PSDB	SP	0	0.157	11	3	3	18	1754	97.44444444444444	4	1	0
wladimirgarotinhoo	Wladimir Garotinho	wladimirgarotinhoo	PSD	RJ	0	0.296	11	3	3	36	46507	1291.861111111111	1	0	0
andreferreira.pe	André Ferreira	andreferreira.pe	PL	PE	1	0.493	11	2	2	8	2064	258	3	2	0
andrefufuca	André Fufuca	andrefufuca	PP	MA	0	0.51	11	2	2	2	304	152	1	0	0
ClarissaGarotinhoRJ	Clarissa Garotinho	ClarissaGarotinhoRJ	PROS	RJ	1	0.19	11	2	2	19	8656	455.57894736842104	5	4	1
davidbrsoares	David Soares	davidbrsoares	DEM	SP	1	0.431	11	2	2	22	12921	587.3181818181819	8	5	1
deputadasorayasantos	Soraya Santos	deputadasorayasantos	PL	RJ	0	0.493	11	2	2	22	1473	66.95454545454545	1	0	0
deputadofabioramalho4311	Fábio Ramalho	deputadofabioramalho4311	MDB	MG	0	0.137	11	2	2	5	140	28	3	0	0
deputadojoaomarcelo	Deputado João Marcelo	deputadojoaomarcelo	MDB	MA	0	0.137	11	2	2	30	980	32.666666666666664	3	0	0
DeputadoNilsonPinto	Nilson Pinto	DeputadoNilsonPinto	PSDB	PA	0	0.157	11	2	2	5	507	101.4	3	1	0
flaviaperes.df	Flávia Arruda	flaviaperes.df	PL	DF	0	0.493	11	2	2	12	1559	129.91666666666666	1	0	0
LizianeBayer	Liziane Bayer	LizianeBayer	REPUBLICANOS	RS	1	0.55	11	2	2	26	4712	181.23076923076923	8	1	0
marco.bertaiolli	Marco Bertaiolli	marco.bertaiolli	PSD	SP	0	0.296	11	2	2	17	6255	367.94117647058823	1	0	0
maurobenevidesf	Mauro Benevides Filho	maurobenevidesf	PDT	CE	0	-0.356	11	2	2	8	1767	220.875	3	0	0
pedrolucasfernandesdeputadofederal	Pedro Lucas Fernandes	pedrolucasfernandesdeputadofederal	PTB	MA	0	0.455	11	2	2	1	18	18	0	0	0
RosanaValleOficial	Rosana Valle	RosanaValleOficial	PL	SP	1	0.493	11	2	2	52	82701	1590.4038461538462	10	4	1
TerezaNelmaAL	Tereza Nelma	TerezaNelmaAL	PSD	AL	0	0.296	11	2	2	13	974	74.92307692307692	4	0	0
AndreJanones	André Janones	AndreJanones	AVANTE	MG	0	0.455	11	1	1	55	4488956	81617.38181818182	12	6	0
depalexsantana	Pastor Alex Santana	depalexsantana	REPUBLICANOS	BA	1	0.55	11	1	1	7	328	46.857142857142854	3	3	1
franciscojrgo	Francisco Jr	franciscojrgo	PSD	GO	1	0.296	11	1	1	11	2121	192.8181818181818	2	1	0
hydrorevivellc	Fábio Trad	hydrorevivellc	PSD	MS	0	0.296	11	1	1	20	3848	192.4	3	2	0
samuelmoreiraregistro	Samuel Moreira	samuelmoreiraregistro	PSDB	SP	0	0.157	11	1	1	19	6808	358.3157894736842	3	0	0
vavamartinsoficial	Vavá	vavamartinsoficial	REPUBLICANOS	PA	1	0.55	11	1	1	23	22433	975.3478260869565	10	4	1
AureoRibeiroRJ	Aureo Ribeiro	AureoRibeiroRJ	SOLIDARIEDADE	RJ	0	0.19	12	0	0	35	18329	523.6857142857143	0	0	0
baleia.rossi	Baleia Rossi	baleia.rossi	MDB	SP	0	0.137	13	0	0	18	5872	326.22222222222223	6	1	0
BetoPereiraMS	Beto Pereira	BetoPereiraMS	PSDB	MS	0	0.157	14	0	0	3	517	172.33333333333334	1	0	0
bira.dopindare	Bira do Pindaré	bira.dopindare	PSB	MA	0	-0.427	15	0	0	42	7034	167.47619047619048	9	7	0
BrunaFurlanDeputadaEstadual	Bruna Furlan Deputada Estadual	BrunaFurlanDeputadaEstadual	PSDB	SP	0	0.157	16	0	0	8	3605	450.625	2	0	0
CarmenZanottoSC	Carmen Zanotto	CarmenZanottoSC	CIDADANIA	SC	1	-0.014	17	0	0	20	4888	244.4	3	0	0
celsosabinooficial	Celso Sabino	celsosabinooficial	PSL	PA	0	0.803	18	0	0	26	4284	164.76923076923077	5	1	0
cleberverde.1010	Cleber Verde	cleberverde.1010	REPUBLICANOS	MA	1	0.55	19	1	1	14	201	14.357142857142858	3	1	0
dep.cleberverde	dep.cleberverde	dep.cleberverde	NotAvailable	NotAvailable	0		19	1	1	0	0	0	0	0	0
covatti.filho	Covatti Filho	covatti.filho	PP	RS	0	0.51	20	0	0	15	21423	1428.2	4	3	0
DanielCoelho23	Daniel Coelho	DanielCoelho23	CIDADANIA	PE	0	-0.014	21	0	0	10	11711	1171.1	2	1	0
danieltrzeciak45	Daniel Trzeciak	danieltrzeciak45	PSDB	RS	1	0.157	22	0	0	17	7144	420.2352941176471	2	1	0
depbilacpinto	depbilacpinto	depbilacpinto	NotAvailable	NotAvailable	0		23	0	0	0	0	0	0	0	0
depchiquinhobrazao	Dep Chiquinho Brazão	depchiquinhobrazao	AVANTE	RJ	0	0.455	24	0	0	24	5215	217.29166666666666	4	0	0
depjefferson	Dep Pr Jefferson Campos	depjefferson	PL	SP	1	0.493	25	3	3	28	19988	713.8571428571429	7	1	0
PastorStefanoAguiar	Stefano Aguiar	PastorStefanoAguiar	PSD	MG	1	0.296	25	2	2	6	750	125	4	3	1
prpaulobengtson	Paulo Bengtson	prpaulobengtson	PTB	PA	1	0.455	25	2	2	5	1198	239.6	2	1	0
joaocampospsb	João Campos	joaocampospsb	REPUBLICANOS	GO	0	0.55	25	1	1	50	62470	1249.4	3	0	0
deproberiomonteiro	Deputado Robério Monteiro	deproberiomonteiro	PTB	CE	0	0.455	26	0	0	6	880	146.66666666666666	1	0	0
deputadoatilalira	Átila Lira	deputadoatilalira	PP	PI	0	0.51	27	0	0	1	32	32	0	0	0
deputadobacelar	Bacelar	deputadobacelar	PV	BA	0	-0.069	28	0	0	21	2956	140.76190476190476	4	3	0
DeputadoFederalAbouAnni	Abou Anni	DeputadoFederalAbouAnni	PSL	SP	1	0.803	29	0	0	4	945	236.25	0	0	0
deputadofederalsergiobrito	Deputado Sérgio Brito	deputadofederalsergiobrito	PSD	BA	0	0.296	30	0	0	3	178	59.333333333333336	0	0	0
DeputadoGeneciasNoronha	DeputadoGeneciasNoronha	DeputadoGeneciasNoronha	NotAvailable	NotAvailable	0		31	0	0	0	0	0	0	0	0
deputadoguilhermemussi	Guilherme Mussi	deputadoguilhermemussi	PP	SP	0	0.51	32	0	0	2	215	107.5	0	0	0
deputadojoaocampos	João Campos	deputadojoaocampos	PSB	PE	1	-0.427	33	0	0	102	28750	281.8627450980392	31	18	1
deputadomarioheringer	Dr. Mário Heringer	deputadomarioheringer	PDT	MG	0	-0.356	34	0	0	17	2410	141.76470588235293	0	0	0
deputadonivaldoalbuquerque	Deputado Nivaldo Albuquerque	deputadonivaldoalbuquerque	REPUBLICANOS	AL	1	0.55	35	0	0	2	142	71	0	0	0
deputadosergiotoledo	Sérgio Toledo	deputadosergiotoledo	PV	AL	0	-0.069	36	0	0	2	82	41	0	0	0
deputadosubtenentegonzaga	Subtenente Gonzaga	deputadosubtenentegonzaga	PSD	MG	1	0.296	37	0	0	27	3940	145.92592592592592	5	1	0
deputadoviniciusgurgel	Vinícius Gurgel	deputadoviniciusgurgel	PL	AP	0	0.493	38	0	0	6	339	56.5	4	0	0
depwagnermontes	depwagnermontes	depwagnermontes	NotAvailable	NotAvailable	0		39	0	0	0	0	0	0	0	0
DraMarinaPeloPiaui	Dra Marina	DraMarinaPeloPiaui	REPUBLICANOS	PI	1	0.55	40	0	0	2	43	21.5	1	0	0
drluizovando	Dr. Luiz Ovando	drluizovando	PP	MS	1	0.51	41	0	0	110	30122	273.8363636363636	36	30	1
edermauropa	Delegado Éder Mauro	edermauropa	PL	PA	1	0.493	42	0	0	98	428717	4374.663265306122	18	15	1
edmilsonpsol	Edmilson Rodrigues	edmilsonpsol	PSOL	PA	0	-0.874	43	0	0	113	303839	2688.8407079646017	4	0	0
eduardobraide	Eduardo Braide	eduardobraide	PSD	MA	0	0.296	44	0	0	9	7499	833.2222222222222	2	0	0
eduardodafonte	Eduardo da Fonte	eduardodafonte	PP	PE	0	0.51	45	0	0	8	2122	265.25	0	0	0
fabioabreu.oficial	Fábio Abreu	fabioabreu.oficial	PSD	PI	0	0.296	46	0	0	13	2542	195.53846153846155	1	0	0
fabioreispsd	Fábio Reis	fabioreispsd	PSD	SE	1	0.296	47	0	0	8	1550	193.75	0	0	0
faustopinato	Fausto Pinato	faustopinato	PP	SP	0	0.51	48	0	0	41	9241	225.390243902439	4	1	0
frangaofederal	Hermes Frangão Parcianello	frangaofederal	MDB	PR	0	0.137	49	0	0	6	289	48.166666666666664	2	0	0
GelsonAzevedoRJ	Gelson Azevedo	GelsonAzevedoRJ	PL	RJ	0	0.493	50	0	0	10	1164	116.4	2	1	0
geninhozuliani	Eugenio José Zuliani - Geninho Zuliani	geninhozuliani	DEM	SP	0	0.431	51	0	0	18	1113	61.833333333333336	5	0	0
gildemarmatoscoach	gildemarmatoscoach	gildemarmatoscoach	NotAvailable	NotAvailable	0		52	0	0	0	0	0	0	0	0
gustinhoribeiro	Gustinho Ribeiro	gustinhoribeiro	REPUBLICANOS	SE	0	0.55	53	0	0	4	130	32.5	1	0	0
GutembergReisOficial	Gutemberg Reis	GutembergReisOficial	MDB	RS	1	0.137	54	0	0	21	3381	161	5	2	0
institutoluizflaviogomes	Luiz Flávio Gomes	institutoluizflaviogomes	PSB	SP	0	-0.427	55	0	0	45	123534	2745.2	0	0	0
Juniorlourencobonfim	Juniorlourencobonfim	Juniorlourencobonfim	NotAvailable	NotAvailable	0		56	0	0	0	0	0	0	0	0
lafayetteandrada	Lafayette Andrada	lafayetteandrada	REPUBLICANOS	MG	1	0.55	57	0	0	11	1272	115.63636363636364	7	1	0
marabocaabertaparana	Boca Aberta	marabocaabertaparana	PROS	PR	1	0.19	58	0	0	17	133134	7831.411764705882	2	2	0
marcioalvino	Marcio Alvino	marcioalvino	PL	SP	0	0.493	59	0	0	9	2944	327.1111111111111	3	0	0
MarlonSantosPolitico	Marlon Santos	MarlonSantosPolitico	PL	RS	1	0.493	60	0	0	2	1153	576.5	0	0	0
MauricioBacelarOficial	Maurício Bacelar	MauricioBacelarOficial	PV	BA	0	-0.069	61	0	0	2	37	18.5	0	0	0
miguellombardi.deputadofederal	Miguel Lombardi	miguellombardi.deputadofederal	PL	SP	1	0.493	62	0	0	5	1677	335.4	2	0	0
MosesRodriguesOficial	Moses Rodrigues	MosesRodriguesOficial	MDB	CE	1	0.137	63	0	0	12	3132	261	5	3	1
nereucrispim	Deputado Federal Nereu Crispim	nereucrispim	PSD	RS	0	0.296	64	0	0	67	76033	1134.8208955223881	17	7	0
onyx.lorenzoni	Onyx Lorenzoni	onyx.lorenzoni	DEM	RS	0	0.431	65	0	0	21	164922	7853.428571428572	0	0	0
pastorabiliosantana	pastorabiliosantana	pastorabiliosantana	NotAvailable	NotAvailable	0		66	0	0	0	0	0	0	0	0
pedrobezerradep	Pedro Bezerra	pedrobezerradep	PDT	CE	0	-0.356	67	0	0	4	358	89.5	0	0	0
pedrocloficial	Pedro Cunha Lima	pedrocloficial	PSDB	PB	0	0.157	68	0	0	16	10435	652.1875	1	0	0
Priante1555	José Priante	Priante1555	MDB	PA	0	0.137	69	0	0	9	897	99.66666666666667	0	0	0
professorjoziel	Professor Joziel	professorjoziel	PATRIOTA	RJ	1	0.455	70	0	0	26	8417	323.7307692307692	7	3	1
renataabreu1919	Renata Abreu	renataabreu1919	PODEMOS	SP	1		71	0	0	144	47405	329.2013888888889	29	5	1
ricardozguidi	Ricardo Guidi	ricardozguidi	PSD	SC	1	0.296	72	0	0	5	3044	608.8	0	0	0
rio.pedropaulo	Pedro Paulo	rio.pedropaulo	PSD	RJ	0	0.296	73	0	0	36	8106	225.16666666666666	11	6	0
tiririca	tiririca	tiririca	NotAvailable	NotAvailable	0		74	0	0	0	0	0	0	0	0
vidigalsergio	Sergio Vidigal	vidigalsergio	PDT	ES	0	-0.356	75	0	0	21	9517	453.1904761904762	0	0	0
welitonpradodeputado	Weliton Prado	welitonpradodeputado	PROS	MG	1	0.19	76	0	0	10	3659	365.9	0	0	0
